tile_x,tile_y,zoom,yard_name
67768,46474,17,Yard (Main)
67769,46474,17,Yard (Main)
67767,46474,17,Yard (Main)
67769,46475,17,Yard (Main)
67767,46473,17,Yard (Main)
67770,46475,17,Yard (Main)
67767,46472,17,Yard (Main)
67770,46476,17,Yard (Main)
67768,46472,17,Yard (Main)
67770,46477,17,Yard (Main)
67768,46471,17,Yard (Main)
67770,46478,17,Yard (Main)
67768,46470,17,Yard (Main)
67769,46478,17,Yard (Main)
67767,46470,17,Yard (Main)
67769,46479,17,Yard (Main)
67767,46469,17,Yard (Main)
67769,46480,17,Yard (Main)
67766,46469,17,Yard (Main)
67770,46480,17,Yard (Main)
67766,46468,17,Yard (Main)
67770,46481,17,Yard (Main)
67765,46468,17,Yard (Main)
67771,46481,17,Yard (Main)
67765,46467,17,Yard (Main)
67772,46481,17,Yard (Main)
67764,46467,17,Yard (Main)
67773,46481,17,Yard (Main)
67764,46466,17,Yard (Main)
67774,46481,17,Yard (Main)
67763,46466,17,Yard (Main)
67774,46480,17,Yard (Main)
67763,46465,17,Yard (Main)
67775,46480,17,Yard (Main)
67762,46465,17,Yard (Main)
67775,46479,17,Yard (Main)
67762,46464,17,Yard (Main)
67775,46478,17,Yard (Main)
67761,46464,17,Yard (Main)
67776,46478,17,Yard (Main)
67760,46464,17,Yard (Main)
67776,46477,17,Yard (Main)
67760,46465,17,Yard (Main)
67776,46476,17,Yard (Main)
67759,46465,17,Yard (Main)
67777,46476,17,Yard (Main)
67758,46465,17,Yard (Main)
67777,46475,17,Yard (Main)
67758,46466,17,Yard (Main)
67777,46474,17,Yard (Main)
67758,46467,17,Yard (Main)
67778,46474,17,Yard (Main)
67757,46467,17,Yard (Main)
67779,46474,17,Yard (Main)
67757,46468,17,Yard (Main)
67779,46473,17,Yard (Main)
67756,46468,17,Yard (Main)
67780,46473,17,Yard (Main)
67756,46469,17,Yard (Main)
67780,46472,17,Yard (Main)
67781,46473,17,Yard (Main)
67756,46470,17,Yard (Main)
67781,46472,17,Yard (Main)
67782,46473,17,Yard (Main)
67781,46474,17,Yard (Main)
67755,46470,17,Yard (Main)
67781,46471,17,Yard (Main)
67783,46473,17,Yard (Main)
67781,46475,17,Yard (Main)
67755,46471,17,Yard (Main)
67782,46471,17,Yard (Main)
67783,46472,17,Yard (Main)
67781,46476,17,Yard (Main)
67755,46472,17,Yard (Main)
67782,46470,17,Yard (Main)
67784,46472,17,Yard (Main)
67780,46476,17,Yard (Main)
67754,46472,17,Yard (Main)
67782,46469,17,Yard (Main)
67784,46471,17,Yard (Main)
67780,46477,17,Yard (Main)
67754,46473,17,Yard (Main)
67753,46472,17,Yard (Main)
67783,46469,17,Yard (Main)
67785,46471,17,Yard (Main)
67780,46478,17,Yard (Main)
67752,46472,17,Yard (Main)
67783,46468,17,Yard (Main)
67785,46470,17,Yard (Main)
67780,46479,17,Yard (Main)
67752,46473,17,Yard (Main)
67783,46467,17,Yard (Main)
67786,46470,17,Yard (Main)
67780,46480,17,Yard (Main)
67751,46473,17,Yard (Main)
67782,46467,17,Yard (Main)
67786,46469,17,Yard (Main)
67780,46481,17,Yard (Main)
67751,46474,17,Yard (Main)
67781,46467,17,Yard (Main)
67786,46468,17,Yard (Main)
67780,46482,17,Yard (Main)
67750,46474,17,Yard (Main)
67781,46466,17,Yard (Main)
67787,46468,17,Yard (Main)
67781,46482,17,Yard (Main)
67750,46475,17,Yard (Main)
67780,46466,17,Yard (Main)
67787,46467,17,Yard (Main)
67781,46483,17,Yard (Main)
67749,46475,17,Yard (Main)
67780,46465,17,Yard (Main)
67788,46467,17,Yard (Main)
67781,46484,17,Yard (Main)
67748,46475,17,Yard (Main)
67779,46465,17,Yard (Main)
67788,46466,17,Yard (Main)
67782,46484,17,Yard (Main)
67781,46485,17,Yard (Main)
67748,46474,17,Yard (Main)
67778,46465,17,Yard (Main)
67788,46465,17,Yard (Main)
67782,46485,17,Yard (Main)
67781,46486,17,Yard (Main)
67748,46473,17,Yard (Main)
67747,46474,17,Yard (Main)
67778,46464,17,Yard (Main)
67777,46465,17,Yard (Main)
67789,46465,17,Yard (Main)
67781,46487,17,Yard (Main)
67748,46472,17,Yard (Main)
67747,46473,17,Yard (Main)
67776,46465,17,Yard (Main)
67789,46464,17,Yard (Main)
67780,46487,17,Yard (Main)
67749,46472,17,Yard (Main)
67776,46464,17,Yard (Main)
67790,46464,17,Yard (Main)
67780,46488,17,Yard (Main)
67749,46471,17,Yard (Main)
67775,46464,17,Yard (Main)
67790,46463,17,Yard (Main)
67780,46489,17,Yard (Main)
67749,46470,17,Yard (Main)
67750,46471,17,Yard (Main)
67774,46464,17,Yard (Main)
67791,46463,17,Yard (Main)
67780,46490,17,Yard (Main)
67749,46469,17,Yard (Main)
67750,46470,17,Yard (Main)
67773,46464,17,Yard (Main)
67791,46462,17,Yard (Main)
67779,46490,17,Yard (Main)
67748,46469,17,Yard (Main)
67773,46463,17,Yard (Main)
67791,46461,17,Yard (Main)
67779,46491,17,Yard (Main)
67748,46468,17,Yard (Main)
67772,46463,17,Yard (Main)
67792,46461,17,Yard (Main)
67779,46492,17,Yard (Main)
67747,46468,17,Yard (Main)
67772,46462,17,Yard (Main)
67792,46460,17,Yard (Main)
67778,46492,17,Yard (Main)
67747,46467,17,Yard (Main)
67772,46461,17,Yard (Main)
67792,46459,17,Yard (Main)
67778,46493,17,Yard (Main)
67747,46466,17,Yard (Main)
67746,46467,17,Yard (Main)
67773,46461,17,Yard (Main)
67792,46458,17,Yard (Main)
67778,46494,17,Yard (Main)
67747,46465,17,Yard (Main)
67746,46466,17,Yard (Main)
67773,46460,17,Yard (Main)
67793,46458,17,Yard (Main)
67777,46494,17,Yard (Main)
67747,46464,17,Yard (Main)
67773,46459,17,Yard (Main)
67793,46457,17,Yard (Main)
67777,46495,17,Yard (Main)
67746,46464,17,Yard (Main)
67774,46459,17,Yard (Main)
67793,46456,17,Yard (Main)
67777,46496,17,Yard (Main)
67746,46463,17,Yard (Main)
67774,46458,17,Yard (Main)
67794,46456,17,Yard (Main)
67776,46496,17,Yard (Main)
67746,46462,17,Yard (Main)
67745,46463,17,Yard (Main)
67774,46457,17,Yard (Main)
67794,46455,17,Yard (Main)
67776,46497,17,Yard (Main)
67745,46462,17,Yard (Main)
67775,46457,17,Yard (Main)
67794,46454,17,Yard (Main)
67775,46497,17,Yard (Main)
67744,46462,17,Yard (Main)
67775,46456,17,Yard (Main)
67794,46453,17,Yard (Main)
67775,46498,17,Yard (Main)
67744,46461,17,Yard (Main)
67776,46456,17,Yard (Main)
67794,46452,17,Yard (Main)
67775,46499,17,Yard (Main)
67744,46460,17,Yard (Main)
67776,46455,17,Yard (Main)
67777,46456,17,Yard (Main)
67794,46451,17,Yard (Main)
67775,46500,17,Yard (Main)
67743,46460,17,Yard (Main)
67777,46457,17,Yard (Main)
67795,46451,17,Yard (Main)
67775,46501,17,Yard (Main)
67743,46459,17,Yard (Main)
67778,46457,17,Yard (Main)
67795,46450,17,Yard (Main)
67775,46502,17,Yard (Main)
67743,46458,17,Yard (Main)
67779,46457,17,Yard (Main)
67795,46449,17,Yard (Main)
67775,46503,17,Yard (Main)
67743,46457,17,Yard (Main)
67780,46457,17,Yard (Main)
67795,46448,17,Yard (Main)
67775,46504,17,Yard (Main)
67742,46457,17,Yard (Main)
67781,46457,17,Yard (Main)
67780,46458,17,Yard (Main)
67795,46447,17,Yard (Main)
67774,46504,17,Yard (Main)
67742,46456,17,Yard (Main)
67782,46457,17,Yard (Main)
67781,46458,17,Yard (Main)
67795,46446,17,Yard (Main)
67794,46447,17,Yard (Main)
67774,46505,17,Yard (Main)
67742,46455,17,Yard (Main)
67782,46456,17,Yard (Main)
67795,46445,17,Yard (Main)
67796,46446,17,Yard (Main)
67794,46446,17,Yard (Main)
67793,46447,17,Yard (Main)
67774,46506,17,Yard (Main)
67743,46455,17,Yard (Main)
67782,46455,17,Yard (Main)
67796,46445,17,Yard (Main)
67794,46445,17,Yard (Main)
67793,46446,17,Yard (Main)
67774,46507,17,Yard (Main)
67743,46454,17,Yard (Main)
67782,46454,17,Yard (Main)
67796,46444,17,Yard (Main)
67797,46445,17,Yard (Main)
67794,46444,17,Yard (Main)
67792,46446,17,Yard (Main)
67774,46508,17,Yard (Main)
67744,46454,17,Yard (Main)
67783,46454,17,Yard (Main)
67797,46444,17,Yard (Main)
67794,46443,17,Yard (Main)
67793,46444,17,Yard (Main)
67792,46445,17,Yard (Main)
67791,46446,17,Yard (Main)
67774,46509,17,Yard (Main)
67745,46454,17,Yard (Main)
67783,46453,17,Yard (Main)
67797,46443,17,Yard (Main)
67794,46442,17,Yard (Main)
67793,46443,17,Yard (Main)
67792,46444,17,Yard (Main)
67791,46445,17,Yard (Main)
67774,46510,17,Yard (Main)
67746,46454,17,Yard (Main)
67783,46452,17,Yard (Main)
67798,46443,17,Yard (Main)
67794,46441,17,Yard (Main)
67795,46442,17,Yard (Main)
67791,46444,17,Yard (Main)
67774,46511,17,Yard (Main)
67747,46454,17,Yard (Main)
67784,46452,17,Yard (Main)
67798,46442,17,Yard (Main)
67794,46440,17,Yard (Main)
67795,46441,17,Yard (Main)
67793,46441,17,Yard (Main)
67790,46444,17,Yard (Main)
67774,46512,17,Yard (Main)
67747,46455,17,Yard (Main)
67784,46451,17,Yard (Main)
67798,46441,17,Yard (Main)
67794,46439,17,Yard (Main)
67795,46440,17,Yard (Main)
67793,46440,17,Yard (Main)
67796,46441,17,Yard (Main)
67792,46441,17,Yard (Main)
67790,46443,17,Yard (Main)
67774,46513,17,Yard (Main)
67748,46455,17,Yard (Main)
67784,46450,17,Yard (Main)
67798,46440,17,Yard (Main)
67799,46441,17,Yard (Main)
67797,46441,17,Yard (Main)
67794,46438,17,Yard (Main)
67795,46439,17,Yard (Main)
67793,46439,17,Yard (Main)
67792,46440,17,Yard (Main)
67789,46443,17,Yard (Main)
67775,46513,17,Yard (Main)
67774,46514,17,Yard (Main)
67748,46456,17,Yard (Main)
67785,46450,17,Yard (Main)
67798,46439,17,Yard (Main)
67799,46440,17,Yard (Main)
67795,46438,17,Yard (Main)
67796,46439,17,Yard (Main)
67792,46439,17,Yard (Main)
67791,46440,17,Yard (Main)
67788,46443,17,Yard (Main)
67776,46513,17,Yard (Main)
67775,46514,17,Yard (Main)
67774,46515,17,Yard (Main)
67749,46456,17,Yard (Main)
67785,46449,17,Yard (Main)
67798,46438,17,Yard (Main)
67799,46439,17,Yard (Main)
67800,46440,17,Yard (Main)
67795,46437,17,Yard (Main)
67796,46438,17,Yard (Main)
67792,46438,17,Yard (Main)
67791,46439,17,Yard (Main)
67790,46440,17,Yard (Main)
67788,46442,17,Yard (Main)
67788,46444,17,Yard (Main)
67777,46513,17,Yard (Main)
67776,46514,17,Yard (Main)
67775,46515,17,Yard (Main)
67774,46516,17,Yard (Main)
67749,46457,17,Yard (Main)
67785,46448,17,Yard (Main)
67798,46437,17,Yard (Main)
67799,46438,17,Yard (Main)
67797,46438,17,Yard (Main)
67800,46439,17,Yard (Main)
67796,46437,17,Yard (Main)
67792,46437,17,Yard (Main)
67791,46438,17,Yard (Main)
67789,46440,17,Yard (Main)
67788,46441,17,Yard (Main)
67787,46444,17,Yard (Main)
67777,46514,17,Yard (Main)
67776,46515,17,Yard (Main)
67775,46516,17,Yard (Main)
67774,46517,17,Yard (Main)
67773,46516,17,Yard (Main)
67749,46458,17,Yard (Main)
67785,46447,17,Yard (Main)
67784,46448,17,Yard (Main)
67798,46436,17,Yard (Main)
67799,46437,17,Yard (Main)
67797,46437,17,Yard (Main)
67800,46438,17,Yard (Main)
67796,46436,17,Yard (Main)
67793,46437,17,Yard (Main)
67788,46440,17,Yard (Main)
67787,46445,17,Yard (Main)
67775,46517,17,Yard (Main)
67774,46518,17,Yard (Main)
67750,46458,17,Yard (Main)
67786,46447,17,Yard (Main)
67784,46447,17,Yard (Main)
67783,46448,17,Yard (Main)
67798,46435,17,Yard (Main)
67799,46436,17,Yard (Main)
67797,46436,17,Yard (Main)
67801,46438,17,Yard (Main)
67796,46435,17,Yard (Main)
67793,46436,17,Yard (Main)
67787,46440,17,Yard (Main)
67787,46446,17,Yard (Main)
67786,46445,17,Yard (Main)
67775,46518,17,Yard (Main)
67774,46519,17,Yard (Main)
67773,46518,17,Yard (Main)
67750,46459,17,Yard (Main)
67786,46446,17,Yard (Main)
67784,46446,17,Yard (Main)
67783,46447,17,Yard (Main)
67798,46434,17,Yard (Main)
67799,46435,17,Yard (Main)
67797,46435,17,Yard (Main)
67800,46436,17,Yard (Main)
67801,46437,17,Yard (Main)
67796,46434,17,Yard (Main)
67795,46435,17,Yard (Main)
67793,46435,17,Yard (Main)
67787,46439,17,Yard (Main)
67785,46445,17,Yard (Main)
67775,46519,17,Yard (Main)
67774,46520,17,Yard (Main)
67773,46519,17,Yard (Main)
67772,46518,17,Yard (Main)
67750,46460,17,Yard (Main)
67784,46445,17,Yard (Main)
67783,46446,17,Yard (Main)
67782,46447,17,Yard (Main)
67798,46433,17,Yard (Main)
67799,46434,17,Yard (Main)
67797,46434,17,Yard (Main)
67800,46435,17,Yard (Main)
67801,46436,17,Yard (Main)
67802,46437,17,Yard (Main)
67796,46433,17,Yard (Main)
67795,46434,17,Yard (Main)
67794,46435,17,Yard (Main)
67793,46434,17,Yard (Main)
67786,46439,17,Yard (Main)
67774,46521,17,Yard (Main)
67773,46520,17,Yard (Main)
67772,46519,17,Yard (Main)
67771,46518,17,Yard (Main)
67751,46460,17,Yard (Main)
67781,46447,17,Yard (Main)
67798,46432,17,Yard (Main)
67799,46433,17,Yard (Main)
67797,46433,17,Yard (Main)
67800,46434,17,Yard (Main)
67801,46435,17,Yard (Main)
67802,46436,17,Yard (Main)
67796,46432,17,Yard (Main)
67795,46433,17,Yard (Main)
67794,46434,17,Yard (Main)
67793,46433,17,Yard (Main)
67786,46438,17,Yard (Main)
67774,46522,17,Yard (Main)
67773,46521,17,Yard (Main)
67772,46520,17,Yard (Main)
67771,46519,17,Yard (Main)
67771,46517,17,Yard (Main)
67752,46460,17,Yard (Main)
67781,46446,17,Yard (Main)
67798,46431,17,Yard (Main)
67799,46432,17,Yard (Main)
67797,46432,17,Yard (Main)
67800,46433,17,Yard (Main)
67801,46434,17,Yard (Main)
67802,46435,17,Yard (Main)
67803,46436,17,Yard (Main)
67796,46431,17,Yard (Main)
67795,46432,17,Yard (Main)
67794,46433,17,Yard (Main)
67792,46433,17,Yard (Main)
67785,46438,17,Yard (Main)
67775,46522,17,Yard (Main)
67774,46523,17,Yard (Main)
67773,46522,17,Yard (Main)
67772,46521,17,Yard (Main)
67771,46520,17,Yard (Main)
67771,46516,17,Yard (Main)
67753,46460,17,Yard (Main)
67780,46446,17,Yard (Main)
67798,46430,17,Yard (Main)
67799,46431,17,Yard (Main)
67797,46431,17,Yard (Main)
67800,46432,17,Yard (Main)
67801,46433,17,Yard (Main)
67802,46434,17,Yard (Main)
67803,46435,17,Yard (Main)
67796,46430,17,Yard (Main)
67795,46431,17,Yard (Main)
67792,46432,17,Yard (Main)
67791,46433,17,Yard (Main)
67785,46437,17,Yard (Main)
67775,46523,17,Yard (Main)
67773,46523,17,Yard (Main)
67772,46522,17,Yard (Main)
67771,46521,17,Yard (Main)
67770,46516,17,Yard (Main)
67754,46460,17,Yard (Main)
67780,46445,17,Yard (Main)
67798,46429,17,Yard (Main)
67799,46430,17,Yard (Main)
67797,46430,17,Yard (Main)
67800,46431,17,Yard (Main)
67801,46432,17,Yard (Main)
67802,46433,17,Yard (Main)
67804,46435,17,Yard (Main)
67796,46429,17,Yard (Main)
67795,46430,17,Yard (Main)
67794,46431,17,Yard (Main)
67792,46431,17,Yard (Main)
67791,46432,17,Yard (Main)
67790,46433,17,Yard (Main)
67784,46437,17,Yard (Main)
67776,46523,17,Yard (Main)
67772,46523,17,Yard (Main)
67771,46522,17,Yard (Main)
67770,46521,17,Yard (Main)
67769,46516,17,Yard (Main)
67755,46460,17,Yard (Main)
67780,46444,17,Yard (Main)
67798,46428,17,Yard (Main)
67799,46429,17,Yard (Main)
67797,46429,17,Yard (Main)
67800,46430,17,Yard (Main)
67801,46431,17,Yard (Main)
67802,46432,17,Yard (Main)
67803,46433,17,Yard (Main)
67804,46434,17,Yard (Main)
67805,46435,17,Yard (Main)
67796,46428,17,Yard (Main)
67795,46429,17,Yard (Main)
67794,46430,17,Yard (Main)
67793,46431,17,Yard (Main)
67790,46432,17,Yard (Main)
67789,46433,17,Yard (Main)
67783,46437,17,Yard (Main)
67777,46523,17,Yard (Main)
67772,46524,17,Yard (Main)
67771,46523,17,Yard (Main)
67770,46522,17,Yard (Main)
67769,46521,17,Yard (Main)
67769,46515,17,Yard (Main)
67756,46460,17,Yard (Main)
67780,46443,17,Yard (Main)
67781,46444,17,Yard (Main)
67798,46427,17,Yard (Main)
67799,46428,17,Yard (Main)
67797,46428,17,Yard (Main)
67800,46429,17,Yard (Main)
67801,46430,17,Yard (Main)
67802,46431,17,Yard (Main)
67803,46432,17,Yard (Main)
67804,46433,17,Yard (Main)
67805,46434,17,Yard (Main)
67806,46435,17,Yard (Main)
67796,46427,17,Yard (Main)
67795,46428,17,Yard (Main)
67794,46429,17,Yard (Main)
67793,46430,17,Yard (Main)
67789,46432,17,Yard (Main)
67783,46436,17,Yard (Main)
67782,46437,17,Yard (Main)
67777,46522,17,Yard (Main)
67772,46525,17,Yard (Main)
67771,46524,17,Yard (Main)
67770,46523,17,Yard (Main)
67769,46522,17,Yard (Main)
67769,46514,17,Yard (Main)
67757,46460,17,Yard (Main)
67780,46442,17,Yard (Main)
67781,46443,17,Yard (Main)
67798,46426,17,Yard (Main)
67799,46427,17,Yard (Main)
67797,46427,17,Yard (Main)
67800,46428,17,Yard (Main)
67801,46429,17,Yard (Main)
67802,46430,17,Yard (Main)
67803,46431,17,Yard (Main)
67804,46432,17,Yard (Main)
67805,46433,17,Yard (Main)
67806,46434,17,Yard (Main)
67796,46426,17,Yard (Main)
67795,46427,17,Yard (Main)
67793,46429,17,Yard (Main)
67788,46432,17,Yard (Main)
67783,46435,17,Yard (Main)
67782,46436,17,Yard (Main)
67782,46438,17,Yard (Main)
67778,46522,17,Yard (Main)
67773,46525,17,Yard (Main)
67772,46526,17,Yard (Main)
67771,46525,17,Yard (Main)
67770,46524,17,Yard (Main)
67769,46523,17,Yard (Main)
67768,46522,17,Yard (Main)
67770,46514,17,Yard (Main)
67757,46459,17,Yard (Main)
67780,46441,17,Yard (Main)
67798,46425,17,Yard (Main)
67799,46426,17,Yard (Main)
67797,46426,17,Yard (Main)
67800,46427,17,Yard (Main)
67801,46428,17,Yard (Main)
67802,46429,17,Yard (Main)
67803,46430,17,Yard (Main)
67804,46431,17,Yard (Main)
67805,46432,17,Yard (Main)
67806,46433,17,Yard (Main)
67796,46425,17,Yard (Main)
67795,46426,17,Yard (Main)
67794,46427,17,Yard (Main)
67793,46428,17,Yard (Main)
67792,46429,17,Yard (Main)
67788,46431,17,Yard (Main)
67787,46432,17,Yard (Main)
67784,46435,17,Yard (Main)
67781,46436,17,Yard (Main)
67782,46439,17,Yard (Main)
67778,46521,17,Yard (Main)
67773,46526,17,Yard (Main)
67771,46526,17,Yard (Main)
67770,46525,17,Yard (Main)
67769,46524,17,Yard (Main)
67768,46523,17,Yard (Main)
67767,46522,17,Yard (Main)
67770,46513,17,Yard (Main)
67758,46459,17,Yard (Main)
67781,46441,17,Yard (Main)
67798,46424,17,Yard (Main)
67799,46425,17,Yard (Main)
67800,46426,17,Yard (Main)
67801,46427,17,Yard (Main)
67802,46428,17,Yard (Main)
67803,46429,17,Yard (Main)
67804,46430,17,Yard (Main)
67805,46431,17,Yard (Main)
67806,46432,17,Yard (Main)
67807,46433,17,Yard (Main)
67796,46424,17,Yard (Main)
67794,46426,17,Yard (Main)
67793,46427,17,Yard (Main)
67791,46429,17,Yard (Main)
67788,46430,17,Yard (Main)
67787,46431,17,Yard (Main)
67786,46432,17,Yard (Main)
67784,46434,17,Yard (Main)
67781,46435,17,Yard (Main)
67781,46439,17,Yard (Main)
67779,46521,17,Yard (Main)
67773,46527,17,Yard (Main)
67770,46526,17,Yard (Main)
67769,46525,17,Yard (Main)
67768,46524,17,Yard (Main)
67767,46523,17,Yard (Main)
67766,46522,17,Yard (Main)
67770,46512,17,Yard (Main)
67759,46459,17,Yard (Main)
67781,46440,17,Yard (Main)
67798,46423,17,Yard (Main)
67799,46424,17,Yard (Main)
67797,46424,17,Yard (Main)
67800,46425,17,Yard (Main)
67801,46426,17,Yard (Main)
67802,46427,17,Yard (Main)
67803,46428,17,Yard (Main)
67804,46429,17,Yard (Main)
67805,46430,17,Yard (Main)
67806,46431,17,Yard (Main)
67807,46432,17,Yard (Main)
67794,46425,17,Yard (Main)
67793,46426,17,Yard (Main)
67792,46427,17,Yard (Main)
67791,46428,17,Yard (Main)
67790,46429,17,Yard (Main)
67788,46429,17,Yard (Main)
67789,46430,17,Yard (Main)
67787,46430,17,Yard (Main)
67786,46431,17,Yard (Main)
67786,46433,17,Yard (Main)
67785,46434,17,Yard (Main)
67781,46434,17,Yard (Main)
67780,46521,17,Yard (Main)
67774,46527,17,Yard (Main)
67770,46527,17,Yard (Main)
67769,46526,17,Yard (Main)
67768,46525,17,Yard (Main)
67767,46524,17,Yard (Main)
67765,46522,17,Yard (Main)
67770,46511,17,Yard (Main)
67759,46458,17,Yard (Main)
67798,46422,17,Yard (Main)
67797,46423,17,Yard (Main)
67800,46424,17,Yard (Main)
67801,46425,17,Yard (Main)
67802,46426,17,Yard (Main)
67803,46427,17,Yard (Main)
67804,46428,17,Yard (Main)
67805,46429,17,Yard (Main)
67806,46430,17,Yard (Main)
67807,46431,17,Yard (Main)
67808,46432,17,Yard (Main)
67794,46424,17,Yard (Main)
67793,46425,17,Yard (Main)
67792,46426,17,Yard (Main)
67791,46427,17,Yard (Main)
67790,46428,17,Yard (Main)
67790,46430,17,Yard (Main)
67789,46429,17,Yard (Main)
67788,46428,17,Yard (Main)
67787,46429,17,Yard (Main)
67786,46430,17,Yard (Main)
67785,46431,17,Yard (Main)
67785,46433,17,Yard (Main)
67781,46433,17,Yard (Main)
67780,46434,17,Yard (Main)
67780,46520,17,Yard (Main)
67775,46527,17,Yard (Main)
67770,46528,17,Yard (Main)
67769,46527,17,Yard (Main)
67768,46526,17,Yard (Main)
67767,46525,17,Yard (Main)
67766,46524,17,Yard (Main)
67765,46523,17,Yard (Main)
67770,46510,17,Yard (Main)
67760,46458,17,Yard (Main)
67798,46421,17,Yard (Main)
67797,46422,17,Yard (Main)
67800,46423,17,Yard (Main)
67801,46424,17,Yard (Main)
67802,46425,17,Yard (Main)
67803,46426,17,Yard (Main)
67804,46427,17,Yard (Main)
67805,46428,17,Yard (Main)
67806,46429,17,Yard (Main)
67807,46430,17,Yard (Main)
67808,46431,17,Yard (Main)
67794,46423,17,Yard (Main)
67793,46424,17,Yard (Main)
67792,46425,17,Yard (Main)
67791,46426,17,Yard (Main)
67790,46427,17,Yard (Main)
67789,46428,17,Yard (Main)
67788,46427,17,Yard (Main)
67787,46428,17,Yard (Main)
67786,46429,17,Yard (Main)
67785,46430,17,Yard (Main)
67784,46431,17,Yard (Main)
67781,46432,17,Yard (Main)
67780,46433,17,Yard (Main)
67779,46434,17,Yard (Main)
67781,46520,17,Yard (Main)
67776,46527,17,Yard (Main)
67769,46528,17,Yard (Main)
67768,46527,17,Yard (Main)
67767,46526,17,Yard (Main)
67766,46525,17,Yard (Main)
67765,46524,17,Yard (Main)
67764,46523,17,Yard (Main)
67770,46509,17,Yard (Main)
67771,46510,17,Yard (Main)
67760,46457,17,Yard (Main)
67799,46421,17,Yard (Main)
67796,46422,17,Yard (Main)
67801,46423,17,Yard (Main)
67802,46424,17,Yard (Main)
67803,46425,17,Yard (Main)
67804,46426,17,Yard (Main)
67805,46427,17,Yard (Main)
67806,46428,17,Yard (Main)
67807,46429,17,Yard (Main)
67808,46430,17,Yard (Main)
67794,46422,17,Yard (Main)
67793,46423,17,Yard (Main)
67792,46424,17,Yard (Main)
67791,46425,17,Yard (Main)
67790,46426,17,Yard (Main)
67789,46427,17,Yard (Main)
67788,46426,17,Yard (Main)
67787,46427,17,Yard (Main)
67786,46428,17,Yard (Main)
67785,46429,17,Yard (Main)
67784,46430,17,Yard (Main)
67783,46431,17,Yard (Main)
67781,46431,17,Yard (Main)
67782,46432,17,Yard (Main)
67780,46432,17,Yard (Main)
67779,46433,17,Yard (Main)
67779,46435,17,Yard (Main)
67781,46519,17,Yard (Main)
67777,46527,17,Yard (Main)
67776,46528,17,Yard (Main)
67769,46529,17,Yard (Main)
67766,46526,17,Yard (Main)
67765,46525,17,Yard (Main)
67764,46524,17,Yard (Main)
67770,46508,17,Yard (Main)
67771,46509,17,Yard (Main)
67761,46457,17,Yard (Main)
67799,46420,17,Yard (Main)
67800,46421,17,Yard (Main)
67796,46421,17,Yard (Main)
67801,46422,17,Yard (Main)
67802,46423,17,Yard (Main)
67803,46424,17,Yard (Main)
67804,46425,17,Yard (Main)
67805,46426,17,Yard (Main)
67806,46427,17,Yard (Main)
67807,46428,17,Yard (Main)
67808,46429,17,Yard (Main)
67794,46421,17,Yard (Main)
67793,46422,17,Yard (Main)
67792,46423,17,Yard (Main)
67791,46424,17,Yard (Main)
67790,46425,17,Yard (Main)
67789,46426,17,Yard (Main)
67788,46425,17,Yard (Main)
67787,46426,17,Yard (Main)
67786,46427,17,Yard (Main)
67785,46428,17,Yard (Main)
67784,46429,17,Yard (Main)
67783,46430,17,Yard (Main)
67782,46431,17,Yard (Main)
67781,46430,17,Yard (Main)
67780,46431,17,Yard (Main)
67779,46432,17,Yard (Main)
67778,46435,17,Yard (Main)
67782,46519,17,Yard (Main)
67777,46526,17,Yard (Main)
67777,46528,17,Yard (Main)
67769,46530,17,Yard (Main)
67766,46527,17,Yard (Main)
67765,46526,17,Yard (Main)
67764,46525,17,Yard (Main)
67771,46508,17,Yard (Main)
67761,46456,17,Yard (Main)
67799,46419,17,Yard (Main)
67800,46420,17,Yard (Main)
67801,46421,17,Yard (Main)
67795,46421,17,Yard (Main)
67802,46422,17,Yard (Main)
67803,46423,17,Yard (Main)
67804,46424,17,Yard (Main)
67805,46425,17,Yard (Main)
67806,46426,17,Yard (Main)
67807,46427,17,Yard (Main)
67808,46428,17,Yard (Main)
67809,46429,17,Yard (Main)
67794,46420,17,Yard (Main)
67793,46421,17,Yard (Main)
67792,46422,17,Yard (Main)
67791,46423,17,Yard (Main)
67790,46424,17,Yard (Main)
67789,46425,17,Yard (Main)
67788,46424,17,Yard (Main)
67787,46425,17,Yard (Main)
67786,46426,17,Yard (Main)
67785,46427,17,Yard (Main)
67784,46428,17,Yard (Main)
67783,46429,17,Yard (Main)
67782,46430,17,Yard (Main)
67779,46431,17,Yard (Main)
67778,46436,17,Yard (Main)
67783,46519,17,Yard (Main)
67778,46526,17,Yard (Main)
67768,46530,17,Yard (Main)
67766,46528,17,Yard (Main)
67765,46527,17,Yard (Main)
67771,46507,17,Yard (Main)
67761,46455,17,Yard (Main)
67799,46418,17,Yard (Main)
67800,46419,17,Yard (Main)
67798,46419,17,Yard (Main)
67801,46420,17,Yard (Main)
67802,46421,17,Yard (Main)
67795,46420,17,Yard (Main)
67803,46422,17,Yard (Main)
67804,46423,17,Yard (Main)
67805,46424,17,Yard (Main)
67806,46425,17,Yard (Main)
67807,46426,17,Yard (Main)
67808,46427,17,Yard (Main)
67809,46428,17,Yard (Main)
67810,46429,17,Yard (Main)
67794,46419,17,Yard (Main)
67793,46420,17,Yard (Main)
67791,46422,17,Yard (Main)
67790,46423,17,Yard (Main)
67789,46424,17,Yard (Main)
67788,46423,17,Yard (Main)
67787,46424,17,Yard (Main)
67786,46425,17,Yard (Main)
67785,46426,17,Yard (Main)
67784,46427,17,Yard (Main)
67783,46428,17,Yard (Main)
67782,46429,17,Yard (Main)
67779,46430,17,Yard (Main)
67777,46436,17,Yard (Main)
67783,46518,17,Yard (Main)
67779,46526,17,Yard (Main)
67768,46531,17,Yard (Main)
67766,46529,17,Yard (Main)
67765,46528,17,Yard (Main)
67771,46506,17,Yard (Main)
67762,46455,17,Yard (Main)
67800,46418,17,Yard (Main)
67798,46418,17,Yard (Main)
67801,46419,17,Yard (Main)
67797,46419,17,Yard (Main)
67802,46420,17,Yard (Main)
67803,46421,17,Yard (Main)
67795,46419,17,Yard (Main)
67804,46422,17,Yard (Main)
67805,46423,17,Yard (Main)
67806,46424,17,Yard (Main)
67807,46425,17,Yard (Main)
67808,46426,17,Yard (Main)
67809,46427,17,Yard (Main)
67810,46428,17,Yard (Main)
67794,46418,17,Yard (Main)
67793,46419,17,Yard (Main)
67790,46422,17,Yard (Main)
67789,46423,17,Yard (Main)
67788,46422,17,Yard (Main)
67782,46428,17,Yard (Main)
67778,46430,17,Yard (Main)
67777,46437,17,Yard (Main)
67784,46518,17,Yard (Main)
67779,46527,17,Yard (Main)
67767,46531,17,Yard (Main)
67766,46530,17,Yard (Main)
67765,46529,17,Yard (Main)
67771,46505,17,Yard (Main)
67762,46454,17,Yard (Main)
67800,46417,17,Yard (Main)
67801,46418,17,Yard (Main)
67798,46417,17,Yard (Main)
67797,46418,17,Yard (Main)
67802,46419,17,Yard (Main)
67796,46419,17,Yard (Main)
67803,46420,17,Yard (Main)
67804,46421,17,Yard (Main)
67795,46418,17,Yard (Main)
67806,46423,17,Yard (Main)
67807,46424,17,Yard (Main)
67808,46425,17,Yard (Main)
67809,46426,17,Yard (Main)
67810,46427,17,Yard (Main)
67811,46428,17,Yard (Main)
67794,46417,17,Yard (Main)
67792,46419,17,Yard (Main)
67790,46421,17,Yard (Main)
67789,46422,17,Yard (Main)
67787,46422,17,Yard (Main)
67782,46427,17,Yard (Main)
67777,46430,17,Yard (Main)
67776,46437,17,Yard (Main)
67784,46517,17,Yard (Main)
67780,46527,17,Yard (Main)
67766,46531,17,Yard (Main)
67765,46530,17,Yard (Main)
67764,46529,17,Yard (Main)
67771,46504,17,Yard (Main)
67772,46505,17,Yard (Main)
67763,46454,17,Yard (Main)
67800,46416,17,Yard (Main)
67801,46417,17,Yard (Main)
67802,46418,17,Yard (Main)
67798,46416,17,Yard (Main)
67797,46417,17,Yard (Main)
67796,46418,17,Yard (Main)
67805,46421,17,Yard (Main)
67795,46417,17,Yard (Main)
67806,46422,17,Yard (Main)
67807,46423,17,Yard (Main)
67808,46424,17,Yard (Main)
67809,46425,17,Yard (Main)
67810,46426,17,Yard (Main)
67811,46427,17,Yard (Main)
67794,46416,17,Yard (Main)
67793,46417,17,Yard (Main)
67791,46419,17,Yard (Main)
67789,46421,17,Yard (Main)
67786,46422,17,Yard (Main)
67782,46426,17,Yard (Main)
67781,46427,17,Yard (Main)
67777,46429,17,Yard (Main)
67776,46438,17,Yard (Main)
67784,46516,17,Yard (Main)
67781,46527,17,Yard (Main)
67766,46532,17,Yard (Main)
67765,46531,17,Yard (Main)
67764,46530,17,Yard (Main)
67770,46504,17,Yard (Main)
67763,46453,17,Yard (Main)
67799,46416,17,Yard (Main)
67802,46417,17,Yard (Main)
67798,46415,17,Yard (Main)
67797,46416,17,Yard (Main)
67796,46417,17,Yard (Main)
67805,46420,17,Yard (Main)
67806,46421,17,Yard (Main)
67795,46416,17,Yard (Main)
67807,46422,17,Yard (Main)
67808,46423,17,Yard (Main)
67809,46424,17,Yard (Main)
67810,46425,17,Yard (Main)
67811,46426,17,Yard (Main)
67791,46418,17,Yard (Main)
67789,46420,17,Yard (Main)
67786,46421,17,Yard (Main)
67783,46426,17,Yard (Main)
67781,46426,17,Yard (Main)
67776,46429,17,Yard (Main)
67775,46438,17,Yard (Main)
67785,46516,17,Yard (Main)
67782,46527,17,Yard (Main)
67764,46531,17,Yard (Main)
67763,46530,17,Yard (Main)
67770,46503,17,Yard (Main)
67764,46453,17,Yard (Main)
67799,46415,17,Yard (Main)
67803,46417,17,Yard (Main)
67798,46414,17,Yard (Main)
67796,46416,17,Yard (Main)
67805,46419,17,Yard (Main)
67806,46420,17,Yard (Main)
67795,46415,17,Yard (Main)
67808,46422,17,Yard (Main)
67809,46423,17,Yard (Main)
67810,46424,17,Yard (Main)
67811,46425,17,Yard (Main)
67790,46418,17,Yard (Main)
67788,46420,17,Yard (Main)
67785,46421,17,Yard (Main)
67783,46425,17,Yard (Main)
67780,46426,17,Yard (Main)
67775,46429,17,Yard (Main)
67775,46439,17,Yard (Main)
67785,46515,17,Yard (Main)
67783,46527,17,Yard (Main)
67782,46528,17,Yard (Main)
67763,46531,17,Yard (Main)
67770,46502,17,Yard (Main)
67764,46452,17,Yard (Main)
67799,46414,17,Yard (Main)
67803,46416,17,Yard (Main)
67797,46414,17,Yard (Main)
67796,46415,17,Yard (Main)
67806,46419,17,Yard (Main)
67795,46414,17,Yard (Main)
67808,46421,17,Yard (Main)
67809,46422,17,Yard (Main)
67810,46423,17,Yard (Main)
67811,46424,17,Yard (Main)
67789,46418,17,Yard (Main)
67788,46419,17,Yard (Main)
67785,46420,17,Yard (Main)
67783,46424,17,Yard (Main)
67784,46425,17,Yard (Main)
67780,46425,17,Yard (Main)
67774,46429,17,Yard (Main)
67774,46439,17,Yard (Main)
67785,46514,17,Yard (Main)
67783,46526,17,Yard (Main)
67783,46528,17,Yard (Main)
67763,46532,17,Yard (Main)
67769,46502,17,Yard (Main)
67765,46452,17,Yard (Main)
67800,46414,17,Yard (Main)
67804,46416,17,Yard (Main)
67797,46413,17,Yard (Main)
67806,46418,17,Yard (Main)
67795,46413,17,Yard (Main)
67809,46421,17,Yard (Main)
67810,46422,17,Yard (Main)
67811,46423,17,Yard (Main)
67812,46424,17,Yard (Main)
67788,46418,17,Yard (Main)
67787,46419,17,Yard (Main)
67785,46419,17,Yard (Main)
67784,46420,17,Yard (Main)
67783,46423,17,Yard (Main)
67782,46424,17,Yard (Main)
67779,46425,17,Yard (Main)
67774,46428,17,Yard (Main)
67774,46440,17,Yard (Main)
67786,46514,17,Yard (Main)
67784,46526,17,Yard (Main)
67762,46532,17,Yard (Main)
67769,46501,17,Yard (Main)
67765,46451,17,Yard (Main)
67800,46413,17,Yard (Main)
67804,46415,17,Yard (Main)
67805,46416,17,Yard (Main)
67797,46412,17,Yard (Main)
67796,46413,17,Yard (Main)
67806,46417,17,Yard (Main)
67795,46412,17,Yard (Main)
67809,46420,17,Yard (Main)
67810,46421,17,Yard (Main)
67811,46422,17,Yard (Main)
67812,46423,17,Yard (Main)
67813,46424,17,Yard (Main)
67787,46418,17,Yard (Main)
67786,46419,17,Yard (Main)
67784,46419,17,Yard (Main)
67783,46420,17,Yard (Main)
67783,46422,17,Yard (Main)
67782,46423,17,Yard (Main)
67779,46424,17,Yard (Main)
67773,46428,17,Yard (Main)
67773,46440,17,Yard (Main)
67786,46513,17,Yard (Main)
67787,46514,17,Yard (Main)
67784,46525,17,Yard (Main)
67761,46532,17,Yard (Main)
67769,46500,17,Yard (Main)
67765,46450,17,Yard (Main)
67800,46412,17,Yard (Main)
67801,46413,17,Yard (Main)
67804,46414,17,Yard (Main)
67805,46415,17,Yard (Main)
67806,46416,17,Yard (Main)
67805,46417,17,Yard (Main)
67797,46411,17,Yard (Main)
67798,46412,17,Yard (Main)
67796,46412,17,Yard (Main)
67795,46411,17,Yard (Main)
67810,46420,17,Yard (Main)
67811,46421,17,Yard (Main)
67812,46422,17,Yard (Main)
67813,46423,17,Yard (Main)
67814,46424,17,Yard (Main)
67787,46417,17,Yard (Main)
67784,46418,17,Yard (Main)
67783,46419,17,Yard (Main)
67783,46421,17,Yard (Main)
67782,46420,17,Yard (Main)
67778,46424,17,Yard (Main)
67773,46427,17,Yard (Main)
67773,46441,17,Yard (Main)
67786,46512,17,Yard (Main)
67787,46513,17,Yard (Main)
67787,46515,17,Yard (Main)
67784,46524,17,Yard (Main)
67785,46525,17,Yard (Main)
67761,46533,17,Yard (Main)
67769,46499,17,Yard (Main)
67766,46450,17,Yard (Main)
67799,46412,17,Yard (Main)
67802,46413,17,Yard (Main)
67804,46413,17,Yard (Main)
67805,46414,17,Yard (Main)
67806,46415,17,Yard (Main)
67798,46411,17,Yard (Main)
67796,46411,17,Yard (Main)
67795,46410,17,Yard (Main)
67794,46411,17,Yard (Main)
67810,46419,17,Yard (Main)
67811,46420,17,Yard (Main)
67812,46421,17,Yard (Main)
67813,46422,17,Yard (Main)
67814,46423,17,Yard (Main)
67787,46416,17,Yard (Main)
67784,46417,17,Yard (Main)
67783,46418,17,Yard (Main)
67782,46419,17,Yard (Main)
67782,46421,17,Yard (Main)
67777,46424,17,Yard (Main)
67772,46427,17,Yard (Main)
67772,46441,17,Yard (Main)
67787,46512,17,Yard (Main)
67788,46513,17,Yard (Main)
67788,46515,17,Yard (Main)
67785,46524,17,Yard (Main)
67760,46533,17,Yard (Main)
67770,46499,17,Yard (Main)
67766,46449,17,Yard (Main)
67803,46413,17,Yard (Main)
67805,46413,17,Yard (Main)
67806,46414,17,Yard (Main)
67807,46415,17,Yard (Main)
67796,46410,17,Yard (Main)
67795,46409,17,Yard (Main)
67794,46410,17,Yard (Main)
67810,46418,17,Yard (Main)
67811,46419,17,Yard (Main)
67812,46420,17,Yard (Main)
67813,46421,17,Yard (Main)
67814,46422,17,Yard (Main)
67786,46416,17,Yard (Main)
67784,46416,17,Yard (Main)
67782,46418,17,Yard (Main)
67781,46419,17,Yard (Main)
67777,46423,17,Yard (Main)
67772,46426,17,Yard (Main)
67772,46442,17,Yard (Main)
67787,46511,17,Yard (Main)
67788,46512,17,Yard (Main)
67788,46516,17,Yard (Main)
67785,46523,17,Yard (Main)
67759,46533,17,Yard (Main)
67770,46498,17,Yard (Main)
67767,46449,17,Yard (Main)
67803,46412,17,Yard (Main)
67805,46412,17,Yard (Main)
67807,46414,17,Yard (Main)
67795,46408,17,Yard (Main)
67793,46410,17,Yard (Main)
67811,46418,17,Yard (Main)
67812,46419,17,Yard (Main)
67813,46420,17,Yard (Main)
67814,46421,17,Yard (Main)
67815,46422,17,Yard (Main)
67786,46415,17,Yard (Main)
67784,46415,17,Yard (Main)
67782,46417,17,Yard (Main)
67780,46419,17,Yard (Main)
67776,46423,17,Yard (Main)
67772,46425,17,Yard (Main)
67772,46443,17,Yard (Main)
67788,46511,17,Yard (Main)
67789,46516,17,Yard (Main)
67785,46522,17,Yard (Main)
67758,46533,17,Yard (Main)
67770,46497,17,Yard (Main)
67771,46498,17,Yard (Main)
67767,46448,17,Yard (Main)
67805,46411,17,Yard (Main)
67808,46414,17,Yard (Main)
67794,46408,17,Yard (Main)
67793,46409,17,Yard (Main)
67811,46417,17,Yard (Main)
67812,46418,17,Yard (Main)
67813,46419,17,Yard (Main)
67814,46420,17,Yard (Main)
67815,46421,17,Yard (Main)
67816,46422,17,Yard (Main)
67785,46415,17,Yard (Main)
67784,46414,17,Yard (Main)
67781,46417,17,Yard (Main)
67780,46418,17,Yard (Main)
67776,46422,17,Yard (Main)
67772,46424,17,Yard (Main)
67771,46443,17,Yard (Main)
67788,46510,17,Yard (Main)
67789,46511,17,Yard (Main)
67789,46517,17,Yard (Main)
67785,46521,17,Yard (Main)
67758,46534,17,Yard (Main)
67770,46496,17,Yard (Main)
67771,46497,17,Yard (Main)
67768,46448,17,Yard (Main)
67806,46411,17,Yard (Main)
67809,46414,17,Yard (Main)
67794,46407,17,Yard (Main)
67793,46408,17,Yard (Main)
67811,46416,17,Yard (Main)
67812,46417,17,Yard (Main)
67813,46418,17,Yard (Main)
67814,46419,17,Yard (Main)
67815,46420,17,Yard (Main)
67817,46422,17,Yard (Main)
67816,46423,17,Yard (Main)
67785,46414,17,Yard (Main)
67784,46413,17,Yard (Main)
67783,46414,17,Yard (Main)
67781,46416,17,Yard (Main)
67779,46418,17,Yard (Main)
67775,46422,17,Yard (Main)
67772,46423,17,Yard (Main)
67773,46424,17,Yard (Main)
67771,46444,17,Yard (Main)
67788,46509,17,Yard (Main)
67789,46510,17,Yard (Main)
67790,46517,17,Yard (Main)
67789,46518,17,Yard (Main)
67786,46521,17,Yard (Main)
67757,46534,17,Yard (Main)
67769,46496,17,Yard (Main)
67768,46447,17,Yard (Main)
67806,46410,17,Yard (Main)
67809,46413,17,Yard (Main)
67793,46407,17,Yard (Main)
67792,46408,17,Yard (Main)
67811,46415,17,Yard (Main)
67813,46417,17,Yard (Main)
67814,46418,17,Yard (Main)
67815,46419,17,Yard (Main)
67816,46420,17,Yard (Main)
67817,46421,17,Yard (Main)
67818,46422,17,Yard (Main)
67817,46423,17,Yard (Main)
67785,46413,17,Yard (Main)
67783,46413,17,Yard (Main)
67782,46414,17,Yard (Main)
67781,46415,17,Yard (Main)
67780,46416,17,Yard (Main)
67778,46418,17,Yard (Main)
67775,46421,17,Yard (Main)
67774,46422,17,Yard (Main)
67772,46422,17,Yard (Main)
67773,46423,17,Yard (Main)
67771,46423,17,Yard (Main)
67770,46444,17,Yard (Main)
67789,46509,17,Yard (Main)
67788,46518,17,Yard (Main)
67786,46520,17,Yard (Main)
67757,46535,17,Yard (Main)
67769,46495,17,Yard (Main)
67769,46447,17,Yard (Main)
67806,46409,17,Yard (Main)
67810,46413,17,Yard (Main)
67793,46406,17,Yard (Main)
67792,46407,17,Yard (Main)
67811,46414,17,Yard (Main)
67812,46415,17,Yard (Main)
67813,46416,17,Yard (Main)
67814,46417,17,Yard (Main)
67815,46418,17,Yard (Main)
67816,46419,17,Yard (Main)
67817,46420,17,Yard (Main)
67818,46421,17,Yard (Main)
67818,46423,17,Yard (Main)
67817,46424,17,Yard (Main)
67782,46413,17,Yard (Main)
67782,46415,17,Yard (Main)
67781,46414,17,Yard (Main)
67780,46415,17,Yard (Main)
67778,46417,17,Yard (Main)
67777,46418,17,Yard (Main)
67775,46420,17,Yard (Main)
67774,46421,17,Yard (Main)
67773,46422,17,Yard (Main)
67772,46421,17,Yard (Main)
67771,46422,17,Yard (Main)
67770,46445,17,Yard (Main)
67790,46509,17,Yard (Main)
67787,46518,17,Yard (Main)
67786,46519,17,Yard (Main)
67756,46535,17,Yard (Main)
67768,46495,17,Yard (Main)
67769,46446,17,Yard (Main)
67806,46408,17,Yard (Main)
67811,46413,17,Yard (Main)
67792,46406,17,Yard (Main)
67812,46414,17,Yard (Main)
67814,46416,17,Yard (Main)
67815,46417,17,Yard (Main)
67816,46418,17,Yard (Main)
67817,46419,17,Yard (Main)
67818,46420,17,Yard (Main)
67818,46424,17,Yard (Main)
67782,46412,17,Yard (Main)
67781,46413,17,Yard (Main)
67780,46414,17,Yard (Main)
67776,46418,17,Yard (Main)
67775,46419,17,Yard (Main)
67773,46421,17,Yard (Main)
67771,46421,17,Yard (Main)
67769,46445,17,Yard (Main)
67790,46508,17,Yard (Main)
67787,46519,17,Yard (Main)
67756,46536,17,Yard (Main)
67768,46494,17,Yard (Main)
67806,46407,17,Yard (Main)
67805,46408,17,Yard (Main)
67811,46412,17,Yard (Main)
67812,46413,17,Yard (Main)
67792,46405,17,Yard (Main)
67791,46406,17,Yard (Main)
67813,46414,17,Yard (Main)
67814,46415,17,Yard (Main)
67815,46416,17,Yard (Main)
67816,46417,17,Yard (Main)
67817,46418,17,Yard (Main)
67818,46419,17,Yard (Main)
67819,46424,17,Yard (Main)
67781,46412,17,Yard (Main)
67779,46414,17,Yard (Main)
67776,46419,17,Yard (Main)
67773,46420,17,Yard (Main)
67771,46420,17,Yard (Main)
67756,46537,17,Yard (Main)
67768,46493,17,Yard (Main)
67806,46406,17,Yard (Main)
67811,46411,17,Yard (Main)
67813,46413,17,Yard (Main)
67792,46404,17,Yard (Main)
67791,46405,17,Yard (Main)
67814,46414,17,Yard (Main)
67815,46415,17,Yard (Main)
67816,46416,17,Yard (Main)
67817,46417,17,Yard (Main)
67818,46418,17,Yard (Main)
67819,46425,17,Yard (Main)
67780,46412,17,Yard (Main)
67779,46413,17,Yard (Main)
67773,46419,17,Yard (Main)
67771,46419,17,Yard (Main)
67770,46420,17,Yard (Main)
67756,46538,17,Yard (Main)
67768,46492,17,Yard (Main)
67807,46406,17,Yard (Main)
67805,46406,17,Yard (Main)
67812,46411,17,Yard (Main)
67813,46412,17,Yard (Main)
67791,46404,17,Yard (Main)
67790,46405,17,Yard (Main)
67815,46414,17,Yard (Main)
67818,46417,17,Yard (Main)
67779,46412,17,Yard (Main)
67778,46413,17,Yard (Main)
67773,46418,17,Yard (Main)
67772,46419,17,Yard (Main)
67771,46418,17,Yard (Main)
67770,46419,17,Yard (Main)
67769,46420,17,Yard (Main)
67755,46538,17,Yard (Main)
67768,46491,17,Yard (Main)
67808,46406,17,Yard (Main)
67804,46406,17,Yard (Main)
67812,46410,17,Yard (Main)
67814,46412,17,Yard (Main)
67790,46404,17,Yard (Main)
67789,46405,17,Yard (Main)
67818,46416,17,Yard (Main)
67778,46412,17,Yard (Main)
67777,46413,17,Yard (Main)
67773,46417,17,Yard (Main)
67772,46418,17,Yard (Main)
67770,46418,17,Yard (Main)
67769,46419,17,Yard (Main)
67755,46539,17,Yard (Main)
67769,46491,17,Yard (Main)
67808,46405,17,Yard (Main)
67804,46405,17,Yard (Main)
67812,46409,17,Yard (Main)
67815,46412,17,Yard (Main)
67790,46403,17,Yard (Main)
67789,46404,17,Yard (Main)
67818,46415,17,Yard (Main)
67777,46412,17,Yard (Main)
67776,46413,17,Yard (Main)
67774,46417,17,Yard (Main)
67772,46417,17,Yard (Main)
67770,46417,17,Yard (Main)
67769,46418,17,Yard (Main)
67755,46540,17,Yard (Main)
67769,46490,17,Yard (Main)
67809,46405,17,Yard (Main)
67803,46405,17,Yard (Main)
67812,46408,17,Yard (Main)
67815,46411,17,Yard (Main)
67789,46403,17,Yard (Main)
67788,46404,17,Yard (Main)
67819,46415,17,Yard (Main)
67777,46411,17,Yard (Main)
67776,46412,17,Yard (Main)
67776,46414,17,Yard (Main)
67775,46413,17,Yard (Main)
67774,46416,17,Yard (Main)
67772,46416,17,Yard (Main)
67770,46416,17,Yard (Main)
67769,46417,17,Yard (Main)
67754,46540,17,Yard (Main)
67769,46489,17,Yard (Main)
67809,46404,17,Yard (Main)
67803,46404,17,Yard (Main)
67812,46407,17,Yard (Main)
67816,46411,17,Yard (Main)
67788,46403,17,Yard (Main)
67787,46404,17,Yard (Main)
67819,46414,17,Yard (Main)
67777,46410,17,Yard (Main)
67775,46412,17,Yard (Main)
67775,46414,17,Yard (Main)
67774,46415,17,Yard (Main)
67772,46415,17,Yard (Main)
67771,46416,17,Yard (Main)
67770,46415,17,Yard (Main)
67769,46416,17,Yard (Main)
67753,46540,17,Yard (Main)
67768,46489,17,Yard (Main)
67810,46404,17,Yard (Main)
67803,46403,17,Yard (Main)
67812,46406,17,Yard (Main)
67817,46411,17,Yard (Main)
67788,46402,17,Yard (Main)
67786,46404,17,Yard (Main)
67820,46414,17,Yard (Main)
67777,46409,17,Yard (Main)
67775,46411,17,Yard (Main)
67774,46412,17,Yard (Main)
67775,46415,17,Yard (Main)
67773,46415,17,Yard (Main)
67772,46414,17,Yard (Main)
67771,46415,17,Yard (Main)
67770,46414,17,Yard (Main)
67769,46415,17,Yard (Main)
67753,46541,17,Yard (Main)
67767,46489,17,Yard (Main)
67810,46403,17,Yard (Main)
67811,46404,17,Yard (Main)
67803,46402,17,Yard (Main)
67802,46403,17,Yard (Main)
67812,46405,17,Yard (Main)
67813,46406,17,Yard (Main)
67817,46410,17,Yard (Main)
67818,46411,17,Yard (Main)
67788,46401,17,Yard (Main)
67787,46402,17,Yard (Main)
67786,46403,17,Yard (Main)
67820,46413,17,Yard (Main)
67776,46409,17,Yard (Main)
67775,46410,17,Yard (Main)
67774,46411,17,Yard (Main)
67773,46414,17,Yard (Main)
67770,46413,17,Yard (Main)
67752,46541,17,Yard (Main)
67767,46488,17,Yard (Main)
67766,46489,17,Yard (Main)
67810,46402,17,Yard (Main)
67811,46403,17,Yard (Main)
67811,46405,17,Yard (Main)
67803,46401,17,Yard (Main)
67802,46402,17,Yard (Main)
67813,46405,17,Yard (Main)
67817,46409,17,Yard (Main)
67818,46410,17,Yard (Main)
67819,46411,17,Yard (Main)
67787,46401,17,Yard (Main)
67786,46402,17,Yard (Main)
67785,46403,17,Yard (Main)
67820,46412,17,Yard (Main)
67821,46413,17,Yard (Main)
67776,46408,17,Yard (Main)
67774,46410,17,Yard (Main)
67773,46411,17,Yard (Main)
67770,46412,17,Yard (Main)
67771,46413,17,Yard (Main)
67769,46413,17,Yard (Main)
67751,46541,17,Yard (Main)
67766,46488,17,Yard (Main)
67765,46489,17,Yard (Main)
67810,46401,17,Yard (Main)
67802,46401,17,Yard (Main)
67818,46409,17,Yard (Main)
67819,46412,17,Yard (Main)
67787,46400,17,Yard (Main)
67786,46401,17,Yard (Main)
67785,46402,17,Yard (Main)
67821,46412,17,Yard (Main)
67775,46408,17,Yard (Main)
67773,46410,17,Yard (Main)
67772,46411,17,Yard (Main)
67770,46411,17,Yard (Main)
67771,46412,17,Yard (Main)
67769,46412,17,Yard (Main)
67751,46542,17,Yard (Main)
67766,46487,17,Yard (Main)
67765,46488,17,Yard (Main)
67764,46489,17,Yard (Main)
67811,46401,17,Yard (Main)
67801,46401,17,Yard (Main)
67818,46408,17,Yard (Main)
67819,46409,17,Yard (Main)
67786,46400,17,Yard (Main)
67785,46401,17,Yard (Main)
67822,46412,17,Yard (Main)
67775,46407,17,Yard (Main)
67773,46409,17,Yard (Main)
67772,46410,17,Yard (Main)
67772,46412,17,Yard (Main)
67771,46411,17,Yard (Main)
67770,46410,17,Yard (Main)
67769,46411,17,Yard (Main)
67750,46542,17,Yard (Main)
67765,46487,17,Yard (Main)
67764,46490,17,Yard (Main)
67811,46400,17,Yard (Main)
67800,46401,17,Yard (Main)
67819,46408,17,Yard (Main)
67786,46399,17,Yard (Main)
67785,46400,17,Yard (Main)
67784,46401,17,Yard (Main)
67822,46411,17,Yard (Main)
67774,46407,17,Yard (Main)
67773,46408,17,Yard (Main)
67772,46409,17,Yard (Main)
67771,46410,17,Yard (Main)
67769,46410,17,Yard (Main)
67768,46411,17,Yard (Main)
67750,46543,17,Yard (Main)
67764,46491,17,Yard (Main)
67763,46490,17,Yard (Main)
67811,46399,17,Yard (Main)
67800,46400,17,Yard (Main)
67799,46401,17,Yard (Main)
67819,46407,17,Yard (Main)
67820,46408,17,Yard (Main)
67786,46398,17,Yard (Main)
67785,46399,17,Yard (Main)
67784,46400,17,Yard (Main)
67822,46410,17,Yard (Main)
67774,46406,17,Yard (Main)
67773,46407,17,Yard (Main)
67771,46409,17,Yard (Main)
67768,46410,17,Yard (Main)
67767,46411,17,Yard (Main)
67749,46543,17,Yard (Main)
67763,46491,17,Yard (Main)
67762,46490,17,Yard (Main)
67811,46398,17,Yard (Main)
67812,46399,17,Yard (Main)
67799,46400,17,Yard (Main)
67819,46406,17,Yard (Main)
67820,46407,17,Yard (Main)
67821,46408,17,Yard (Main)
67786,46397,17,Yard (Main)
67783,46400,17,Yard (Main)
67823,46410,17,Yard (Main)
67773,46406,17,Yard (Main)
67771,46408,17,Yard (Main)
67767,46410,17,Yard (Main)
67748,46543,17,Yard (Main)
67762,46489,17,Yard (Main)
67811,46397,17,Yard (Main)
67812,46398,17,Yard (Main)
67810,46398,17,Yard (Main)
67813,46399,17,Yard (Main)
67798,46400,17,Yard (Main)
67820,46406,17,Yard (Main)
67818,46406,17,Yard (Main)
67821,46407,17,Yard (Main)
67822,46408,17,Yard (Main)
67786,46396,17,Yard (Main)
67785,46397,17,Yard (Main)
67783,46399,17,Yard (Main)
67823,46409,17,Yard (Main)
67773,46405,17,Yard (Main)
67772,46406,17,Yard (Main)
67771,46407,17,Yard (Main)
67766,46410,17,Yard (Main)
67748,46544,17,Yard (Main)
67762,46488,17,Yard (Main)
67811,46396,17,Yard (Main)
67812,46397,17,Yard (Main)
67810,46397,17,Yard (Main)
67813,46398,17,Yard (Main)
67809,46398,17,Yard (Main)
67798,46399,17,Yard (Main)
67821,46406,17,Yard (Main)
67818,46405,17,Yard (Main)
67822,46407,17,Yard (Main)
67787,46396,17,Yard (Main)
67783,46398,17,Yard (Main)
67782,46399,17,Yard (Main)
67824,46409,17,Yard (Main)
67773,46404,17,Yard (Main)
67772,46405,17,Yard (Main)
67771,46406,17,Yard (Main)
67770,46407,17,Yard (Main)
67765,46410,17,Yard (Main)
67748,46545,17,Yard (Main)
67762,46487,17,Yard (Main)
67763,46488,17,Yard (Main)
67811,46395,17,Yard (Main)
67812,46396,17,Yard (Main)
67810,46396,17,Yard (Main)
67813,46397,17,Yard (Main)
67809,46397,17,Yard (Main)
67814,46398,17,Yard (Main)
67797,46399,17,Yard (Main)
67821,46405,17,Yard (Main)
67822,46406,17,Yard (Main)
67818,46404,17,Yard (Main)
67817,46405,17,Yard (Main)
67823,46407,17,Yard (Main)
67787,46395,17,Yard (Main)
67782,46398,17,Yard (Main)
67824,46408,17,Yard (Main)
67773,46403,17,Yard (Main)
67772,46404,17,Yard (Main)
67769,46407,17,Yard (Main)
67765,46409,17,Yard (Main)
67764,46410,17,Yard (Main)
67748,46546,17,Yard (Main)
67762,46486,17,Yard (Main)
67763,46487,17,Yard (Main)
67811,46394,17,Yard (Main)
67812,46395,17,Yard (Main)
67810,46395,17,Yard (Main)
67813,46396,17,Yard (Main)
67809,46396,17,Yard (Main)
67814,46397,17,Yard (Main)
67808,46397,17,Yard (Main)
67815,46398,17,Yard (Main)
67797,46398,17,Yard (Main)
67821,46404,17,Yard (Main)
67822,46405,17,Yard (Main)
67823,46406,17,Yard (Main)
67819,46404,17,Yard (Main)
67788,46395,17,Yard (Main)
67782,46397,17,Yard (Main)
67825,46408,17,Yard (Main)
67771,46404,17,Yard (Main)
67769,46406,17,Yard (Main)
67769,46408,17,Yard (Main)
67765,46408,17,Yard (Main)
67764,46409,17,Yard (Main)
67748,46547,17,Yard (Main)
67761,46486,17,Yard (Main)
67811,46393,17,Yard (Main)
67812,46394,17,Yard (Main)
67810,46394,17,Yard (Main)
67813,46395,17,Yard (Main)
67814,46396,17,Yard (Main)
67815,46397,17,Yard (Main)
67807,46397,17,Yard (Main)
67816,46398,17,Yard (Main)
67796,46398,17,Yard (Main)
67822,46404,17,Yard (Main)
67823,46405,17,Yard (Main)
67824,46406,17,Yard (Main)
67819,46403,17,Yard (Main)
67789,46395,17,Yard (Main)
67781,46397,17,Yard (Main)
67825,46407,17,Yard (Main)
67770,46404,17,Yard (Main)
67769,46405,17,Yard (Main)
67768,46406,17,Yard (Main)
67768,46408,17,Yard (Main)
67766,46408,17,Yard (Main)
67764,46408,17,Yard (Main)
67763,46409,17,Yard (Main)
67748,46548,17,Yard (Main)
67761,46485,17,Yard (Main)
67811,46392,17,Yard (Main)
67810,46393,17,Yard (Main)
67813,46394,17,Yard (Main)
67809,46394,17,Yard (Main)
67815,46396,17,Yard (Main)
67816,46397,17,Yard (Main)
67807,46396,17,Yard (Main)
67796,46397,17,Yard (Main)
67822,46403,17,Yard (Main)
67824,46405,17,Yard (Main)
67825,46406,17,Yard (Main)
67820,46403,17,Yard (Main)
67789,46396,17,Yard (Main)
67780,46397,17,Yard (Main)
67826,46407,17,Yard (Main)
67770,46405,17,Yard (Main)
67767,46406,17,Yard (Main)
67767,46408,17,Yard (Main)
67766,46407,17,Yard (Main)
67763,46408,17,Yard (Main)
67747,46548,17,Yard (Main)
67760,46485,17,Yard (Main)
67812,46392,17,Yard (Main)
67813,46393,17,Yard (Main)
67815,46395,17,Yard (Main)
67816,46396,17,Yard (Main)
67817,46397,17,Yard (Main)
67807,46395,17,Yard (Main)
67806,46396,17,Yard (Main)
67796,46396,17,Yard (Main)
67795,46397,17,Yard (Main)
67823,46403,17,Yard (Main)
67824,46404,17,Yard (Main)
67826,46406,17,Yard (Main)
67820,46402,17,Yard (Main)
67790,46396,17,Yard (Main)
67780,46396,17,Yard (Main)
67767,46405,17,Yard (Main)
67766,46406,17,Yard (Main)
67763,46407,17,Yard (Main)
67762,46408,17,Yard (Main)
67747,46549,17,Yard (Main)
67760,46484,17,Yard (Main)
67812,46391,17,Yard (Main)
67813,46392,17,Yard (Main)
67816,46395,17,Yard (Main)
67817,46396,17,Yard (Main)
67806,46395,17,Yard (Main)
67805,46396,17,Yard (Main)
67795,46396,17,Yard (Main)
67794,46397,17,Yard (Main)
67823,46402,17,Yard (Main)
67824,46403,17,Yard (Main)
67825,46404,17,Yard (Main)
67826,46405,17,Yard (Main)
67827,46406,17,Yard (Main)
67820,46401,17,Yard (Main)
67791,46396,17,Yard (Main)
67779,46396,17,Yard (Main)
67767,46404,17,Yard (Main)
67766,46405,17,Yard (Main)
67762,46407,17,Yard (Main)
67761,46408,17,Yard (Main)
67746,46549,17,Yard (Main)
67759,46484,17,Yard (Main)
67813,46391,17,Yard (Main)
67814,46392,17,Yard (Main)
67817,46395,17,Yard (Main)
67818,46396,17,Yard (Main)
67806,46394,17,Yard (Main)
67805,46395,17,Yard (Main)
67794,46396,17,Yard (Main)
67793,46397,17,Yard (Main)
67823,46401,17,Yard (Main)
67825,46403,17,Yard (Main)
67826,46404,17,Yard (Main)
67827,46405,17,Yard (Main)
67828,46406,17,Yard (Main)
67821,46401,17,Yard (Main)
67792,46396,17,Yard (Main)
67778,46396,17,Yard (Main)
67767,46403,17,Yard (Main)
67766,46404,17,Yard (Main)
67762,46406,17,Yard (Main)
67761,46407,17,Yard (Main)
67746,46550,17,Yard (Main)
67759,46483,17,Yard (Main)
67814,46391,17,Yard (Main)
67818,46395,17,Yard (Main)
67819,46396,17,Yard (Main)
67806,46393,17,Yard (Main)
67805,46394,17,Yard (Main)
67794,46395,17,Yard (Main)
67793,46396,17,Yard (Main)
67823,46400,17,Yard (Main)
67824,46401,17,Yard (Main)
67822,46401,17,Yard (Main)
67826,46403,17,Yard (Main)
67827,46404,17,Yard (Main)
67828,46405,17,Yard (Main)
67828,46407,17,Yard (Main)
67792,46395,17,Yard (Main)
67778,46395,17,Yard (Main)
67768,46403,17,Yard (Main)
67765,46404,17,Yard (Main)
67762,46405,17,Yard (Main)
67761,46406,17,Yard (Main)
67760,46407,17,Yard (Main)
67745,46550,17,Yard (Main)
67758,46483,17,Yard (Main)
67814,46390,17,Yard (Main)
67815,46391,17,Yard (Main)
67819,46395,17,Yard (Main)
67820,46396,17,Yard (Main)
67819,46397,17,Yard (Main)
67806,46392,17,Yard (Main)
67805,46393,17,Yard (Main)
67804,46394,17,Yard (Main)
67794,46394,17,Yard (Main)
67793,46395,17,Yard (Main)
67823,46399,17,Yard (Main)
67824,46400,17,Yard (Main)
67822,46400,17,Yard (Main)
67826,46402,17,Yard (Main)
67827,46403,17,Yard (Main)
67828,46404,17,Yard (Main)
67829,46405,17,Yard (Main)
67778,46394,17,Yard (Main)
67768,46402,17,Yard (Main)
67764,46404,17,Yard (Main)
67762,46404,17,Yard (Main)
67763,46405,17,Yard (Main)
67760,46406,17,Yard (Main)
67745,46551,17,Yard (Main)
67758,46482,17,Yard (Main)
67815,46390,17,Yard (Main)
67816,46391,17,Yard (Main)
67819,46394,17,Yard (Main)
67820,46395,17,Yard (Main)
67821,46396,17,Yard (Main)
67820,46397,17,Yard (Main)
67819,46398,17,Yard (Main)
67806,46391,17,Yard (Main)
67807,46392,17,Yard (Main)
67793,46394,17,Yard (Main)
67823,46398,17,Yard (Main)
67824,46399,17,Yard (Main)
67825,46400,17,Yard (Main)
67826,46401,17,Yard (Main)
67827,46402,17,Yard (Main)
67828,46403,17,Yard (Main)
67829,46404,17,Yard (Main)
67778,46393,17,Yard (Main)
67779,46394,17,Yard (Main)
67768,46401,17,Yard (Main)
67769,46402,17,Yard (Main)
67764,46405,17,Yard (Main)
67763,46404,17,Yard (Main)
67762,46403,17,Yard (Main)
67759,46406,17,Yard (Main)
67745,46552,17,Yard (Main)
67758,46481,17,Yard (Main)
67815,46389,17,Yard (Main)
67816,46390,17,Yard (Main)
67817,46391,17,Yard (Main)
67820,46394,17,Yard (Main)
67821,46395,17,Yard (Main)
67821,46397,17,Yard (Main)
67820,46398,17,Yard (Main)
67819,46399,17,Yard (Main)
67806,46390,17,Yard (Main)
67807,46391,17,Yard (Main)
67823,46397,17,Yard (Main)
67824,46398,17,Yard (Main)
67822,46398,17,Yard (Main)
67825,46399,17,Yard (Main)
67826,46400,17,Yard (Main)
67827,46401,17,Yard (Main)
67828,46402,17,Yard (Main)
67829,46403,17,Yard (Main)
67830,46404,17,Yard (Main)
67777,46393,17,Yard (Main)
67780,46394,17,Yard (Main)
67768,46400,17,Yard (Main)
67769,46401,17,Yard (Main)
67762,46402,17,Yard (Main)
67761,46403,17,Yard (Main)
67744,46552,17,Yard (Main)
67758,46480,17,Yard (Main)
67757,46481,17,Yard (Main)
67815,46388,17,Yard (Main)
67816,46389,17,Yard (Main)
67817,46390,17,Yard (Main)
67818,46391,17,Yard (Main)
67817,46392,17,Yard (Main)
67820,46393,17,Yard (Main)
67821,46394,17,Yard (Main)
67822,46395,17,Yard (Main)
67822,46397,17,Yard (Main)
67821,46398,17,Yard (Main)
67820,46399,17,Yard (Main)
67819,46400,17,Yard (Main)
67818,46399,17,Yard (Main)
67806,46389,17,Yard (Main)
67807,46390,17,Yard (Main)
67808,46391,17,Yard (Main)
67824,46397,17,Yard (Main)
67825,46398,17,Yard (Main)
67826,46399,17,Yard (Main)
67827,46400,17,Yard (Main)
67829,46402,17,Yard (Main)
67830,46403,17,Yard (Main)
67776,46393,17,Yard (Main)
67780,46393,17,Yard (Main)
67768,46399,17,Yard (Main)
67769,46400,17,Yard (Main)
67767,46400,17,Yard (Main)
67762,46401,17,Yard (Main)
67761,46402,17,Yard (Main)
67760,46403,17,Yard (Main)
67743,46552,17,Yard (Main)
67757,46480,17,Yard (Main)
67756,46481,17,Yard (Main)
67815,46387,17,Yard (Main)
67816,46388,17,Yard (Main)
67817,46389,17,Yard (Main)
67818,46390,17,Yard (Main)
67819,46391,17,Yard (Main)
67818,46392,17,Yard (Main)
67817,46393,17,Yard (Main)
67820,46392,17,Yard (Main)
67821,46393,17,Yard (Main)
67822,46394,17,Yard (Main)
67818,46400,17,Yard (Main)
67806,46388,17,Yard (Main)
67824,46396,17,Yard (Main)
67826,46398,17,Yard (Main)
67827,46399,17,Yard (Main)
67828,46400,17,Yard (Main)
67829,46401,17,Yard (Main)
67830,46402,17,Yard (Main)
67831,46403,17,Yard (Main)
67776,46392,17,Yard (Main)
67781,46393,17,Yard (Main)
67768,46398,17,Yard (Main)
67766,46400,17,Yard (Main)
67763,46401,17,Yard (Main)
67759,46403,17,Yard (Main)
67742,46552,17,Yard (Main)
67755,46481,17,Yard (Main)
67815,46386,17,Yard (Main)
67816,46387,17,Yard (Main)
67814,46387,17,Yard (Main)
67819,46390,17,Yard (Main)
67820,46391,17,Yard (Main)
67819,46392,17,Yard (Main)
67816,46393,17,Yard (Main)
67821,46392,17,Yard (Main)
67822,46393,17,Yard (Main)
67818,46401,17,Yard (Main)
67817,46400,17,Yard (Main)
67806,46387,17,Yard (Main)
67805,46388,17,Yard (Main)
67825,46396,17,Yard (Main)
67826,46397,17,Yard (Main)
67827,46398,17,Yard (Main)
67828,46399,17,Yard (Main)
67829,46400,17,Yard (Main)
67830,46401,17,Yard (Main)
67831,46402,17,Yard (Main)
67776,46391,17,Yard (Main)
67781,46392,17,Yard (Main)
67769,46398,17,Yard (Main)
67765,46400,17,Yard (Main)
67763,46400,17,Yard (Main)
67759,46402,17,Yard (Main)
67758,46403,17,Yard (Main)
67742,46551,17,Yard (Main)
67755,46482,17,Yard (Main)
67815,46385,17,Yard (Main)
67816,46386,17,Yard (Main)
67817,46387,17,Yard (Main)
67820,46390,17,Yard (Main)
67821,46391,17,Yard (Main)
67822,46392,17,Yard (Main)
67823,46393,17,Yard (Main)
67817,46401,17,Yard (Main)
67806,46386,17,Yard (Main)
67805,46387,17,Yard (Main)
67825,46395,17,Yard (Main)
67827,46397,17,Yard (Main)
67828,46398,17,Yard (Main)
67830,46400,17,Yard (Main)
67831,46401,17,Yard (Main)
67832,46402,17,Yard (Main)
67776,46390,17,Yard (Main)
67775,46391,17,Yard (Main)
67781,46391,17,Yard (Main)
67782,46392,17,Yard (Main)
67769,46397,17,Yard (Main)
67764,46400,17,Yard (Main)
67758,46402,17,Yard (Main)
67757,46403,17,Yard (Main)
67741,46551,17,Yard (Main)
67755,46483,17,Yard (Main)
67754,46482,17,Yard (Main)
67814,46385,17,Yard (Main)
67817,46386,17,Yard (Main)
67818,46387,17,Yard (Main)
67820,46389,17,Yard (Main)
67821,46390,17,Yard (Main)
67823,46392,17,Yard (Main)
67817,46402,17,Yard (Main)
67806,46385,17,Yard (Main)
67805,46386,17,Yard (Main)
67826,46395,17,Yard (Main)
67828,46397,17,Yard (Main)
67829,46398,17,Yard (Main)
67830,46399,17,Yard (Main)
67831,46400,17,Yard (Main)
67832,46401,17,Yard (Main)
67776,46389,17,Yard (Main)
67777,46390,17,Yard (Main)
67775,46390,17,Yard (Main)
67781,46390,17,Yard (Main)
67782,46391,17,Yard (Main)
67769,46396,17,Yard (Main)
67757,46404,17,Yard (Main)
67740,46551,17,Yard (Main)
67754,46483,17,Yard (Main)
67814,46384,17,Yard (Main)
67818,46386,17,Yard (Main)
67818,46388,17,Yard (Main)
67820,46388,17,Yard (Main)
67821,46389,17,Yard (Main)
67822,46390,17,Yard (Main)
67823,46391,17,Yard (Main)
67824,46392,17,Yard (Main)
67807,46385,17,Yard (Main)
67805,46385,17,Yard (Main)
67804,46386,17,Yard (Main)
67827,46395,17,Yard (Main)
67828,46396,17,Yard (Main)
67829,46397,17,Yard (Main)
67830,46398,17,Yard (Main)
67831,46399,17,Yard (Main)
67832,46400,17,Yard (Main)
67776,46388,17,Yard (Main)
67775,46389,17,Yard (Main)
67778,46390,17,Yard (Main)
67774,46390,17,Yard (Main)
67781,46389,17,Yard (Main)
67780,46390,17,Yard (Main)
67783,46391,17,Yard (Main)
67769,46395,17,Yard (Main)
67757,46405,17,Yard (Main)
67740,46552,17,Yard (Main)
67753,46483,17,Yard (Main)
67813,46384,17,Yard (Main)
67818,46385,17,Yard (Main)
67819,46388,17,Yard (Main)
67822,46389,17,Yard (Main)
67824,46391,17,Yard (Main)
67825,46392,17,Yard (Main)
67807,46384,17,Yard (Main)
67805,46384,17,Yard (Main)
67827,46394,17,Yard (Main)
67829,46396,17,Yard (Main)
67830,46397,17,Yard (Main)
67832,46399,17,Yard (Main)
67833,46400,17,Yard (Main)
67776,46387,17,Yard (Main)
67775,46388,17,Yard (Main)
67778,46389,17,Yard (Main)
67779,46390,17,Yard (Main)
67773,46390,17,Yard (Main)
67781,46388,17,Yard (Main)
67782,46389,17,Yard (Main)
67783,46390,17,Yard (Main)
67770,46395,17,Yard (Main)
67757,46406,17,Yard (Main)
67739,46552,17,Yard (Main)
67753,46484,17,Yard (Main)
67813,46383,17,Yard (Main)
67819,46385,17,Yard (Main)
67823,46389,17,Yard (Main)
67825,46391,17,Yard (Main)
67807,46383,17,Yard (Main)
67805,46383,17,Yard (Main)
67827,46393,17,Yard (Main)
67828,46394,17,Yard (Main)
67829,46395,17,Yard (Main)
67830,46396,17,Yard (Main)
67832,46398,17,Yard (Main)
67833,46399,17,Yard (Main)
67777,46387,17,Yard (Main)
67775,46387,17,Yard (Main)
67779,46389,17,Yard (Main)
67773,46389,17,Yard (Main)
67780,46388,17,Yard (Main)
67783,46389,17,Yard (Main)
67784,46390,17,Yard (Main)
67771,46395,17,Yard (Main)
67739,46553,17,Yard (Main)
67738,46552,17,Yard (Main)
67752,46484,17,Yard (Main)
67813,46382,17,Yard (Main)
67819,46384,17,Yard (Main)
67823,46388,17,Yard (Main)
67825,46390,17,Yard (Main)
67826,46391,17,Yard (Main)
67808,46383,17,Yard (Main)
67805,46382,17,Yard (Main)
67828,46393,17,Yard (Main)
67830,46395,17,Yard (Main)
67831,46396,17,Yard (Main)
67832,46397,17,Yard (Main)
67833,46398,17,Yard (Main)
67834,46399,17,Yard (Main)
67777,46386,17,Yard (Main)
67774,46387,17,Yard (Main)
67779,46388,17,Yard (Main)
67773,46388,17,Yard (Main)
67772,46389,17,Yard (Main)
67780,46387,17,Yard (Main)
67784,46389,17,Yard (Main)
67772,46395,17,Yard (Main)
67738,46551,17,Yard (Main)
67752,46485,17,Yard (Main)
67813,46381,17,Yard (Main)
67814,46382,17,Yard (Main)
67820,46384,17,Yard (Main)
67823,46387,17,Yard (Main)
67824,46388,17,Yard (Main)
67825,46389,17,Yard (Main)
67827,46391,17,Yard (Main)
67808,46382,17,Yard (Main)
67809,46383,17,Yard (Main)
67805,46381,17,Yard (Main)
67829,46393,17,Yard (Main)
67830,46394,17,Yard (Main)
67831,46395,17,Yard (Main)
67832,46396,17,Yard (Main)
67833,46397,17,Yard (Main)
67834,46398,17,Yard (Main)
67778,46386,17,Yard (Main)
67773,46387,17,Yard (Main)
67779,46387,17,Yard (Main)
67772,46388,17,Yard (Main)
67771,46389,17,Yard (Main)
67738,46550,17,Yard (Main)
67752,46486,17,Yard (Main)
67814,46381,17,Yard (Main)
67820,46383,17,Yard (Main)
67821,46384,17,Yard (Main)
67823,46386,17,Yard (Main)
67824,46387,17,Yard (Main)
67822,46387,17,Yard (Main)
67825,46388,17,Yard (Main)
67826,46389,17,Yard (Main)
67827,46390,17,Yard (Main)
67828,46391,17,Yard (Main)
67808,46381,17,Yard (Main)
67809,46382,17,Yard (Main)
67805,46380,17,Yard (Main)
67804,46381,17,Yard (Main)
67829,46392,17,Yard (Main)
67830,46393,17,Yard (Main)
67831,46394,17,Yard (Main)
67832,46395,17,Yard (Main)
67834,46397,17,Yard (Main)
67835,46398,17,Yard (Main)
67778,46385,17,Yard (Main)
67779,46386,17,Yard (Main)
67771,46388,17,Yard (Main)
67737,46550,17,Yard (Main)
67752,46487,17,Yard (Main)
67814,46380,17,Yard (Main)
67820,46382,17,Yard (Main)
67821,46383,17,Yard (Main)
67822,46384,17,Yard (Main)
67821,46385,17,Yard (Main)
67823,46385,17,Yard (Main)
67824,46386,17,Yard (Main)
67822,46386,17,Yard (Main)
67825,46387,17,Yard (Main)
67826,46388,17,Yard (Main)
67827,46389,17,Yard (Main)
67828,46390,17,Yard (Main)
67829,46391,17,Yard (Main)
67808,46380,17,Yard (Main)
67805,46379,17,Yard (Main)
67804,46380,17,Yard (Main)
67830,46392,17,Yard (Main)
67832,46394,17,Yard (Main)
67833,46395,17,Yard (Main)
67835,46397,17,Yard (Main)
67779,46385,17,Yard (Main)
67737,46549,17,Yard (Main)
67751,46487,17,Yard (Main)
67814,46379,17,Yard (Main)
67820,46381,17,Yard (Main)
67821,46382,17,Yard (Main)
67822,46383,17,Yard (Main)
67822,46385,17,Yard (Main)
67824,46385,17,Yard (Main)
67825,46386,17,Yard (Main)
67826,46387,17,Yard (Main)
67827,46388,17,Yard (Main)
67828,46389,17,Yard (Main)
67830,46391,17,Yard (Main)
67808,46379,17,Yard (Main)
67805,46378,17,Yard (Main)
67806,46379,17,Yard (Main)
67832,46393,17,Yard (Main)
67833,46394,17,Yard (Main)
67836,46397,17,Yard (Main)
67736,46549,17,Yard (Main)
67750,46487,17,Yard (Main)
67814,46378,17,Yard (Main)
67815,46379,17,Yard (Main)
67813,46379,17,Yard (Main)
67820,46380,17,Yard (Main)
67821,46381,17,Yard (Main)
67822,46382,17,Yard (Main)
67826,46386,17,Yard (Main)
67827,46387,17,Yard (Main)
67828,46388,17,Yard (Main)
67829,46389,17,Yard (Main)
67830,46390,17,Yard (Main)
67831,46391,17,Yard (Main)
67809,46379,17,Yard (Main)
67805,46377,17,Yard (Main)
67806,46378,17,Yard (Main)
67832,46392,17,Yard (Main)
67833,46393,17,Yard (Main)
67834,46394,17,Yard (Main)
67836,46396,17,Yard (Main)
67736,46548,17,Yard (Main)
67750,46488,17,Yard (Main)
67814,46377,17,Yard (Main)
67813,46378,17,Yard (Main)
67816,46379,17,Yard (Main)
67819,46380,17,Yard (Main)
67823,46382,17,Yard (Main)
67826,46385,17,Yard (Main)
67827,46386,17,Yard (Main)
67829,46388,17,Yard (Main)
67830,46389,17,Yard (Main)
67831,46390,17,Yard (Main)
67832,46391,17,Yard (Main)
67809,46378,17,Yard (Main)
67804,46377,17,Yard (Main)
67833,46392,17,Yard (Main)
67834,46393,17,Yard (Main)
67835,46394,17,Yard (Main)
67837,46396,17,Yard (Main)
67736,46547,17,Yard (Main)
67749,46488,17,Yard (Main)
67814,46376,17,Yard (Main)
67813,46377,17,Yard (Main)
67812,46378,17,Yard (Main)
67817,46379,17,Yard (Main)
67819,46379,17,Yard (Main)
67823,46381,17,Yard (Main)
67824,46382,17,Yard (Main)
67827,46385,17,Yard (Main)
67829,46387,17,Yard (Main)
67830,46388,17,Yard (Main)
67831,46389,17,Yard (Main)
67832,46390,17,Yard (Main)
67833,46391,17,Yard (Main)
67809,46377,17,Yard (Main)
67810,46378,17,Yard (Main)
67803,46377,17,Yard (Main)
67835,46393,17,Yard (Main)
67837,46395,17,Yard (Main)
67735,46547,17,Yard (Main)
67748,46488,17,Yard (Main)
67814,46375,17,Yard (Main)
67812,46377,17,Yard (Main)
67811,46378,17,Yard (Main)
67818,46379,17,Yard (Main)
67819,46378,17,Yard (Main)
67823,46380,17,Yard (Main)
67824,46381,17,Yard (Main)
67825,46382,17,Yard (Main)
67827,46384,17,Yard (Main)
67828,46385,17,Yard (Main)
67830,46387,17,Yard (Main)
67831,46388,17,Yard (Main)
67833,46390,17,Yard (Main)
67810,46377,17,Yard (Main)
67802,46377,17,Yard (Main)
67835,46392,17,Yard (Main)
67838,46395,17,Yard (Main)
67734,46547,17,Yard (Main)
67748,46489,17,Yard (Main)
67747,46488,17,Yard (Main)
67814,46374,17,Yard (Main)
67811,46377,17,Yard (Main)
67818,46378,17,Yard (Main)
67819,46377,17,Yard (Main)
67823,46379,17,Yard (Main)
67824,46380,17,Yard (Main)
67825,46381,17,Yard (Main)
67825,46383,17,Yard (Main)
67827,46383,17,Yard (Main)
67828,46384,17,Yard (Main)
67830,46386,17,Yard (Main)
67831,46387,17,Yard (Main)
67832,46388,17,Yard (Main)
67834,46390,17,Yard (Main)
67802,46376,17,Yard (Main)
67835,46391,17,Yard (Main)
67836,46392,17,Yard (Main)
67838,46394,17,Yard (Main)
67734,46546,17,Yard (Main)
67747,46489,17,Yard (Main)
67746,46488,17,Yard (Main)
67814,46373,17,Yard (Main)
67819,46376,17,Yard (Main)
67820,46377,17,Yard (Main)
67823,46378,17,Yard (Main)
67824,46379,17,Yard (Main)
67825,46380,17,Yard (Main)
67826,46381,17,Yard (Main)
67826,46383,17,Yard (Main)
67827,46382,17,Yard (Main)
67830,46385,17,Yard (Main)
67832,46387,17,Yard (Main)
67833,46388,17,Yard (Main)
67835,46390,17,Yard (Main)
67801,46376,17,Yard (Main)
67836,46391,17,Yard (Main)
67839,46394,17,Yard (Main)
67734,46545,17,Yard (Main)
67746,46489,17,Yard (Main)
67745,46488,17,Yard (Main)
67814,46372,17,Yard (Main)
67819,46375,17,Yard (Main)
67820,46376,17,Yard (Main)
67823,46377,17,Yard (Main)
67825,46379,17,Yard (Main)
67827,46381,17,Yard (Main)
67828,46382,17,Yard (Main)
67831,46385,17,Yard (Main)
67832,46386,17,Yard (Main)
67833,46387,17,Yard (Main)
67836,46390,17,Yard (Main)
67800,46376,17,Yard (Main)
67839,46393,17,Yard (Main)
67734,46544,17,Yard (Main)
67745,46489,17,Yard (Main)
67814,46371,17,Yard (Main)
67815,46372,17,Yard (Main)
67820,46375,17,Yard (Main)
67821,46376,17,Yard (Main)
67824,46377,17,Yard (Main)
67828,46381,17,Yard (Main)
67829,46382,17,Yard (Main)
67831,46384,17,Yard (Main)
67833,46386,17,Yard (Main)
67834,46387,17,Yard (Main)
67837,46390,17,Yard (Main)
67800,46375,17,Yard (Main)
67840,46393,17,Yard (Main)
67733,46544,17,Yard (Main)
67744,46489,17,Yard (Main)
67814,46370,17,Yard (Main)
67815,46371,17,Yard (Main)
67816,46372,17,Yard (Main)
67820,46374,17,Yard (Main)
67821,46375,17,Yard (Main)
67825,46377,17,Yard (Main)
67830,46382,17,Yard (Main)
67832,46384,17,Yard (Main)
67833,46385,17,Yard (Main)
67834,46386,17,Yard (Main)
67837,46389,17,Yard (Main)
67800,46374,17,Yard (Main)
67799,46375,17,Yard (Main)
67841,46393,17,Yard (Main)
67733,46543,17,Yard (Main)
67744,46490,17,Yard (Main)
67743,46489,17,Yard (Main)
67814,46369,17,Yard (Main)
67816,46371,17,Yard (Main)
67820,46373,17,Yard (Main)
67821,46374,17,Yard (Main)
67826,46377,17,Yard (Main)
67830,46381,17,Yard (Main)
67832,46383,17,Yard (Main)
67834,46385,17,Yard (Main)
67835,46386,17,Yard (Main)
67838,46389,17,Yard (Main)
67800,46373,17,Yard (Main)
67799,46374,17,Yard (Main)
67841,46392,17,Yard (Main)
67733,46542,17,Yard (Main)
67743,46490,17,Yard (Main)
67743,46488,17,Yard (Main)
67742,46489,17,Yard (Main)
67814,46368,17,Yard (Main)
67817,46371,17,Yard (Main)
67821,46373,17,Yard (Main)
67822,46374,17,Yard (Main)
67827,46377,17,Yard (Main)
67830,46380,17,Yard (Main)
67831,46381,17,Yard (Main)
67833,46383,17,Yard (Main)
67834,46384,17,Yard (Main)
67835,46385,17,Yard (Main)
67838,46388,17,Yard (Main)
67799,46373,17,Yard (Main)
67842,46392,17,Yard (Main)
67732,46542,17,Yard (Main)
67742,46490,17,Yard (Main)
67743,46487,17,Yard (Main)
67742,46488,17,Yard (Main)
67814,46367,17,Yard (Main)
67817,46370,17,Yard (Main)
67821,46372,17,Yard (Main)
67823,46374,17,Yard (Main)
67828,46377,17,Yard (Main)
67827,46378,17,Yard (Main)
67830,46379,17,Yard (Main)
67831,46380,17,Yard (Main)
67832,46381,17,Yard (Main)
67833,46382,17,Yard (Main)
67835,46384,17,Yard (Main)
67839,46388,17,Yard (Main)
67798,46373,17,Yard (Main)
67842,46391,17,Yard (Main)
67732,46541,17,Yard (Main)
67743,46486,17,Yard (Main)
67813,46367,17,Yard (Main)
67818,46370,17,Yard (Main)
67822,46372,17,Yard (Main)
67823,46373,17,Yard (Main)
67828,46376,17,Yard (Main)
67830,46378,17,Yard (Main)
67831,46379,17,Yard (Main)
67832,46380,17,Yard (Main)
67834,46382,17,Yard (Main)
67835,46383,17,Yard (Main)
67836,46384,17,Yard (Main)
67839,46387,17,Yard (Main)
67840,46388,17,Yard (Main)
67798,46372,17,Yard (Main)
67797,46373,17,Yard (Main)
67842,46390,17,Yard (Main)
67732,46540,17,Yard (Main)
67731,46541,17,Yard (Main)
67743,46485,17,Yard (Main)
67813,46366,17,Yard (Main)
67818,46369,17,Yard (Main)
67823,46372,17,Yard (Main)
67824,46373,17,Yard (Main)
67829,46376,17,Yard (Main)
67830,46377,17,Yard (Main)
67831,46378,17,Yard (Main)
67835,46382,17,Yard (Main)
67836,46383,17,Yard (Main)
67837,46384,17,Yard (Main)
67840,46387,17,Yard (Main)
67841,46388,17,Yard (Main)
67798,46371,17,Yard (Main)
67797,46372,17,Yard (Main)
67843,46390,17,Yard (Main)
67732,46539,17,Yard (Main)
67744,46485,17,Yard (Main)
67812,46366,17,Yard (Main)
67819,46369,17,Yard (Main)
67823,46371,17,Yard (Main)
67824,46372,17,Yard (Main)
67830,46376,17,Yard (Main)
67832,46378,17,Yard (Main)
67835,46381,17,Yard (Main)
67836,46382,17,Yard (Main)
67837,46383,17,Yard (Main)
67842,46388,17,Yard (Main)
67799,46371,17,Yard (Main)
67797,46371,17,Yard (Main)
67843,46389,17,Yard (Main)
67733,46539,17,Yard (Main)
67745,46485,17,Yard (Main)
67812,46365,17,Yard (Main)
67820,46369,17,Yard (Main)
67824,46371,17,Yard (Main)
67825,46372,17,Yard (Main)
67831,46376,17,Yard (Main)
67832,46377,17,Yard (Main)
67833,46378,17,Yard (Main)
67835,46380,17,Yard (Main)
67836,46381,17,Yard (Main)
67838,46383,17,Yard (Main)
67842,46387,17,Yard (Main)
67797,46370,17,Yard (Main)
67796,46371,17,Yard (Main)
67844,46389,17,Yard (Main)
67733,46538,17,Yard (Main)
67745,46484,17,Yard (Main)
67811,46365,17,Yard (Main)
67820,46368,17,Yard (Main)
67824,46370,17,Yard (Main)
67825,46371,17,Yard (Main)
67832,46376,17,Yard (Main)
67833,46377,17,Yard (Main)
67834,46378,17,Yard (Main)
67835,46379,17,Yard (Main)
67836,46380,17,Yard (Main)
67834,46380,17,Yard (Main)
67837,46381,17,Yard (Main)
67839,46383,17,Yard (Main)
67843,46387,17,Yard (Main)
67796,46370,17,Yard (Main)
67795,46371,17,Yard (Main)
67844,46388,17,Yard (Main)
67733,46537,17,Yard (Main)
67734,46538,17,Yard (Main)
67745,46483,17,Yard (Main)
67811,46364,17,Yard (Main)
67810,46365,17,Yard (Main)
67821,46368,17,Yard (Main)
67824,46369,17,Yard (Main)
67826,46371,17,Yard (Main)
67832,46375,17,Yard (Main)
67833,46376,17,Yard (Main)
67835,46378,17,Yard (Main)
67834,46379,17,Yard (Main)
67837,46380,17,Yard (Main)
67838,46381,17,Yard (Main)
67840,46383,17,Yard (Main)
67843,46386,17,Yard (Main)
67844,46387,17,Yard (Main)
67795,46370,17,Yard (Main)
67735,46538,17,Yard (Main)
67744,46483,17,Yard (Main)
67810,46364,17,Yard (Main)
67809,46365,17,Yard (Main)
67821,46367,17,Yard (Main)
67825,46369,17,Yard (Main)
67827,46371,17,Yard (Main)
67832,46374,17,Yard (Main)
67833,46375,17,Yard (Main)
67834,46376,17,Yard (Main)
67836,46378,17,Yard (Main)
67838,46380,17,Yard (Main)
67840,46382,17,Yard (Main)
67841,46383,17,Yard (Main)
67843,46385,17,Yard (Main)
67845,46387,17,Yard (Main)
67795,46369,17,Yard (Main)
67794,46370,17,Yard (Main)
67736,46538,17,Yard (Main)
67735,46539,17,Yard (Main)
67743,46483,17,Yard (Main)
67810,46363,17,Yard (Main)
67809,46364,17,Yard (Main)
67822,46367,17,Yard (Main)
67825,46368,17,Yard (Main)
67828,46371,17,Yard (Main)
67831,46374,17,Yard (Main)
67835,46376,17,Yard (Main)
67836,46377,17,Yard (Main)
67839,46380,17,Yard (Main)
67841,46382,17,Yard (Main)
67843,46384,17,Yard (Main)
67845,46386,17,Yard (Main)
67795,46368,17,Yard (Main)
67737,46538,17,Yard (Main)
67742,46483,17,Yard (Main)
67809,46363,17,Yard (Main)
67822,46366,17,Yard (Main)
67823,46367,17,Yard (Main)
67825,46367,17,Yard (Main)
67828,46372,17,Yard (Main)
67831,46373,17,Yard (Main)
67836,46376,17,Yard (Main)
67837,46377,17,Yard (Main)
67839,46379,17,Yard (Main)
67840,46380,17,Yard (Main)
67842,46382,17,Yard (Main)
67843,46383,17,Yard (Main)
67844,46384,17,Yard (Main)
67846,46386,17,Yard (Main)
67795,46367,17,Yard (Main)
67737,46537,17,Yard (Main)
67741,46483,17,Yard (Main)
67809,46362,17,Yard (Main)
67823,46366,17,Yard (Main)
67824,46367,17,Yard (Main)
67826,46367,17,Yard (Main)
67829,46372,17,Yard (Main)
67830,46373,17,Yard (Main)
67836,46375,17,Yard (Main)
67837,46376,17,Yard (Main)
67839,46378,17,Yard (Main)
67840,46379,17,Yard (Main)
67841,46380,17,Yard (Main)
67843,46382,17,Yard (Main)
67845,46384,17,Yard (Main)
67846,46385,17,Yard (Main)
67795,46366,17,Yard (Main)
67738,46537,17,Yard (Main)
67741,46482,17,Yard (Main)
67809,46361,17,Yard (Main)
67808,46362,17,Yard (Main)
67824,46366,17,Yard (Main)
67826,46366,17,Yard (Main)
67829,46373,17,Yard (Main)
67836,46374,17,Yard (Main)
67840,46378,17,Yard (Main)
67842,46380,17,Yard (Main)
67844,46382,17,Yard (Main)
67846,46384,17,Yard (Main)
67794,46366,17,Yard (Main)
67738,46536,17,Yard (Main)
67740,46482,17,Yard (Main)
67809,46360,17,Yard (Main)
67808,46361,17,Yard (Main)
67824,46365,17,Yard (Main)
67826,46365,17,Yard (Main)
67836,46373,17,Yard (Main)
67841,46378,17,Yard (Main)
67843,46380,17,Yard (Main)
67844,46381,17,Yard (Main)
67845,46382,17,Yard (Main)
67847,46384,17,Yard (Main)
67794,46365,17,Yard (Main)
67739,46536,17,Yard (Main)
67739,46482,17,Yard (Main)
67809,46359,17,Yard (Main)
67825,46365,17,Yard (Main)
67826,46364,17,Yard (Main)
67836,46372,17,Yard (Main)
67841,46377,17,Yard (Main)
67843,46379,17,Yard (Main)
67845,46381,17,Yard (Main)
67846,46382,17,Yard (Main)
67847,46383,17,Yard (Main)
67794,46364,17,Yard (Main)
67739,46535,17,Yard (Main)
67740,46536,17,Yard (Main)
67739,46483,17,Yard (Main)
67809,46358,17,Yard (Main)
67810,46359,17,Yard (Main)
67825,46364,17,Yard (Main)
67836,46371,17,Yard (Main)
67835,46372,17,Yard (Main)
67842,46377,17,Yard (Main)
67844,46379,17,Yard (Main)
67846,46381,17,Yard (Main)
67848,46383,17,Yard (Main)
67794,46363,17,Yard (Main)
67740,46535,17,Yard (Main)
67738,46483,17,Yard (Main)
67809,46357,17,Yard (Main)
67810,46358,17,Yard (Main)
67836,46370,17,Yard (Main)
67835,46371,17,Yard (Main)
67842,46376,17,Yard (Main)
67845,46379,17,Yard (Main)
67847,46381,17,Yard (Main)
67849,46383,17,Yard (Main)
67794,46362,17,Yard (Main)
67740,46534,17,Yard (Main)
67737,46483,17,Yard (Main)
67810,46357,17,Yard (Main)
67811,46358,17,Yard (Main)
67835,46370,17,Yard (Main)
67843,46376,17,Yard (Main)
67845,46378,17,Yard (Main)
67848,46381,17,Yard (Main)
67850,46383,17,Yard (Main)
67795,46362,17,Yard (Main)
67740,46533,17,Yard (Main)
67737,46482,17,Yard (Main)
67810,46356,17,Yard (Main)
67812,46358,17,Yard (Main)
67835,46369,17,Yard (Main)
67843,46375,17,Yard (Main)
67846,46378,17,Yard (Main)
67848,46380,17,Yard (Main)
67850,46382,17,Yard (Main)
67851,46383,17,Yard (Main)
67795,46361,17,Yard (Main)
67741,46533,17,Yard (Main)
67736,46482,17,Yard (Main)
67810,46355,17,Yard (Main)
67812,46357,17,Yard (Main)
67834,46369,17,Yard (Main)
67843,46374,17,Yard (Main)
67847,46378,17,Yard (Main)
67849,46380,17,Yard (Main)
67851,46382,17,Yard (Main)
67852,46383,17,Yard (Main)
67796,46361,17,Yard (Main)
67741,46532,17,Yard (Main)
67735,46482,17,Yard (Main)
67810,46354,17,Yard (Main)
67813,46357,17,Yard (Main)
67833,46369,17,Yard (Main)
67843,46373,17,Yard (Main)
67848,46378,17,Yard (Main)
67849,46379,17,Yard (Main)
67852,46382,17,Yard (Main)
67853,46383,17,Yard (Main)
67796,46360,17,Yard (Main)
67741,46531,17,Yard (Main)
67734,46482,17,Yard (Main)
67810,46353,17,Yard (Main)
67811,46354,17,Yard (Main)
67814,46357,17,Yard (Main)
67833,46368,17,Yard (Main)
67842,46373,17,Yard (Main)
67849,46378,17,Yard (Main)
67850,46379,17,Yard (Main)
67852,46381,17,Yard (Main)
67853,46382,17,Yard (Main)
67797,46360,17,Yard (Main)
67742,46531,17,Yard (Main)
67734,46483,17,Yard (Main)
67811,46353,17,Yard (Main)
67809,46353,17,Yard (Main)
67815,46357,17,Yard (Main)
67833,46367,17,Yard (Main)
67842,46372,17,Yard (Main)
67850,46378,17,Yard (Main)
67851,46379,17,Yard (Main)
67854,46382,17,Yard (Main)
67797,46359,17,Yard (Main)
67743,46531,17,Yard (Main)
67733,46483,17,Yard (Main)
67808,46353,17,Yard (Main)
67815,46356,17,Yard (Main)
67816,46357,17,Yard (Main)
67815,46358,17,Yard (Main)
67833,46366,17,Yard (Main)
67841,46372,17,Yard (Main)
67850,46377,17,Yard (Main)
67851,46378,17,Yard (Main)
67855,46382,17,Yard (Main)
67798,46359,17,Yard (Main)
67743,46530,17,Yard (Main)
67732,46483,17,Yard (Main)
67808,46352,17,Yard (Main)
67807,46353,17,Yard (Main)
67816,46358,17,Yard (Main)
67815,46359,17,Yard (Main)
67833,46365,17,Yard (Main)
67840,46372,17,Yard (Main)
67851,46377,17,Yard (Main)
67852,46378,17,Yard (Main)
67855,46381,17,Yard (Main)
67798,46358,17,Yard (Main)
67744,46530,17,Yard (Main)
67732,46484,17,Yard (Main)
67731,46483,17,Yard (Main)
67807,46354,17,Yard (Main)
67817,46358,17,Yard (Main)
67816,46359,17,Yard (Main)
67814,46359,17,Yard (Main)
67834,46365,17,Yard (Main)
67840,46371,17,Yard (Main)
67852,46377,17,Yard (Main)
67853,46378,17,Yard (Main)
67856,46381,17,Yard (Main)
67798,46357,17,Yard (Main)
67744,46529,17,Yard (Main)
67745,46530,17,Yard (Main)
67731,46484,17,Yard (Main)
67731,46482,17,Yard (Main)
67807,46355,17,Yard (Main)
67817,46359,17,Yard (Main)
67834,46364,17,Yard (Main)
67835,46365,17,Yard (Main)
67839,46371,17,Yard (Main)
67852,46376,17,Yard (Main)
67853,46377,17,Yard (Main)
67856,46380,17,Yard (Main)
67857,46381,17,Yard (Main)
67799,46357,17,Yard (Main)
67745,46529,17,Yard (Main)
67730,46482,17,Yard (Main)
67806,46355,17,Yard (Main)
67818,46359,17,Yard (Main)
67834,46363,17,Yard (Main)
67835,46364,17,Yard (Main)
67836,46365,17,Yard (Main)
67838,46371,17,Yard (Main)
67853,46376,17,Yard (Main)
67856,46379,17,Yard (Main)
67858,46381,17,Yard (Main)
67799,46356,17,Yard (Main)
67745,46528,17,Yard (Main)
67729,46482,17,Yard (Main)
67805,46355,17,Yard (Main)
67818,46360,17,Yard (Main)
67833,46363,17,Yard (Main)
67836,46366,17,Yard (Main)
67838,46370,17,Yard (Main)
67853,46375,17,Yard (Main)
67854,46376,17,Yard (Main)
67856,46378,17,Yard (Main)
67858,46380,17,Yard (Main)
67800,46356,17,Yard (Main)
67745,46527,17,Yard (Main)
67746,46528,17,Yard (Main)
67729,46483,17,Yard (Main)
67805,46356,17,Yard (Main)
67804,46355,17,Yard (Main)
67819,46360,17,Yard (Main)
67833,46362,17,Yard (Main)
67837,46366,17,Yard (Main)
67838,46369,17,Yard (Main)
67854,46375,17,Yard (Main)
67855,46376,17,Yard (Main)
67857,46378,17,Yard (Main)
67859,46380,17,Yard (Main)
67800,46355,17,Yard (Main)
67746,46527,17,Yard (Main)
67729,46484,17,Yard (Main)
67803,46355,17,Yard (Main)
67820,46360,17,Yard (Main)
67832,46362,17,Yard (Main)
67837,46367,17,Yard (Main)
67838,46368,17,Yard (Main)
67854,46374,17,Yard (Main)
67855,46375,17,Yard (Main)
67858,46378,17,Yard (Main)
67860,46380,17,Yard (Main)
67800,46354,17,Yard (Main)
67801,46355,17,Yard (Main)
67746,46526,17,Yard (Main)
67728,46484,17,Yard (Main)
67803,46354,17,Yard (Main)
67802,46355,17,Yard (Main)
67820,46361,17,Yard (Main)
67831,46362,17,Yard (Main)
67838,46367,17,Yard (Main)
67855,46374,17,Yard (Main)
67856,46375,17,Yard (Main)
67859,46378,17,Yard (Main)
67861,46380,17,Yard (Main)
67800,46353,17,Yard (Main)
67801,46354,17,Yard (Main)
67746,46525,17,Yard (Main)
67728,46485,17,Yard (Main)
67802,46354,17,Yard (Main)
67821,46361,17,Yard (Main)
67830,46362,17,Yard (Main)
67855,46373,17,Yard (Main)
67856,46374,17,Yard (Main)
67860,46378,17,Yard (Main)
67862,46380,17,Yard (Main)
67801,46353,17,Yard (Main)
67746,46524,17,Yard (Main)
67728,46486,17,Yard (Main)
67802,46353,17,Yard (Main)
67822,46361,17,Yard (Main)
67830,46363,17,Yard (Main)
67856,46373,17,Yard (Main)
67857,46374,17,Yard (Main)
67860,46377,17,Yard (Main)
67863,46380,17,Yard (Main)
67746,46523,17,Yard (Main)
67747,46524,17,Yard (Main)
67745,46524,17,Yard (Main)
67727,46486,17,Yard (Main)
67823,46361,17,Yard (Main)
67829,46363,17,Yard (Main)
67857,46373,17,Yard (Main)
67858,46374,17,Yard (Main)
67861,46377,17,Yard (Main)
67864,46380,17,Yard (Main)
67747,46523,17,Yard (Main)
67745,46523,17,Yard (Main)
67748,46524,17,Yard (Main)
67744,46524,17,Yard (Main)
67727,46487,17,Yard (Main)
67824,46361,17,Yard (Main)
67828,46363,17,Yard (Main)
67857,46372,17,Yard (Main)
67858,46373,17,Yard (Main)
67862,46377,17,Yard (Main)
67864,46379,17,Yard (Main)
67748,46523,17,Yard (Main)
67745,46522,17,Yard (Main)
67744,46523,17,Yard (Main)
67726,46487,17,Yard (Main)
67825,46361,17,Yard (Main)
67828,46362,17,Yard (Main)
67858,46372,17,Yard (Main)
67859,46373,17,Yard (Main)
67863,46377,17,Yard (Main)
67864,46378,17,Yard (Main)
67745,46521,17,Yard (Main)
67726,46488,17,Yard (Main)
67826,46361,17,Yard (Main)
67827,46362,17,Yard (Main)
67858,46371,17,Yard (Main)
67859,46372,17,Yard (Main)
67864,46377,17,Yard (Main)
67865,46378,17,Yard (Main)
67745,46520,17,Yard (Main)
67725,46488,17,Yard (Main)
67827,46361,17,Yard (Main)
67826,46362,17,Yard (Main)
67859,46371,17,Yard (Main)
67860,46372,17,Yard (Main)
67864,46376,17,Yard (Main)
67865,46377,17,Yard (Main)
67744,46520,17,Yard (Main)
67725,46489,17,Yard (Main)
67859,46370,17,Yard (Main)
67860,46371,17,Yard (Main)
67861,46372,17,Yard (Main)
67864,46375,17,Yard (Main)
67743,46520,17,Yard (Main)
67724,46489,17,Yard (Main)
67860,46370,17,Yard (Main)
67861,46371,17,Yard (Main)
67862,46372,17,Yard (Main)
67864,46374,17,Yard (Main)
67743,46521,17,Yard (Main)
67742,46520,17,Yard (Main)
67724,46490,17,Yard (Main)
67862,46371,17,Yard (Main)
67863,46372,17,Yard (Main)
67862,46373,17,Yard (Main)
67864,46373,17,Yard (Main)
67742,46521,17,Yard (Main)
67741,46520,17,Yard (Main)
67723,46490,17,Yard (Main)
67862,46370,17,Yard (Main)
67864,46372,17,Yard (Main)
67863,46373,17,Yard (Main)
67741,46519,17,Yard (Main)
67723,46491,17,Yard (Main)
67863,46370,17,Yard (Main)
67864,46371,17,Yard (Main)
67740,46519,17,Yard (Main)
67723,46492,17,Yard (Main)
67864,46370,17,Yard (Main)
67739,46519,17,Yard (Main)
67722,46492,17,Yard (Main)
67738,46519,17,Yard (Main)
67722,46493,17,Yard (Main)
67737,46519,17,Yard (Main)
67721,46493,17,Yard (Main)
67737,46518,17,Yard (Main)
67721,46494,17,Yard (Main)
67736,46518,17,Yard (Main)
67720,46494,17,Yard (Main)
67735,46518,17,Yard (Main)
67720,46495,17,Yard (Main)
67735,46519,17,Yard (Main)
67719,46495,17,Yard (Main)
67734,46519,17,Yard (Main)
67719,46496,17,Yard (Main)
67734,46520,17,Yard (Main)
67733,46519,17,Yard (Main)
67719,46497,17,Yard (Main)
67734,46521,17,Yard (Main)
67733,46520,17,Yard (Main)
67733,46518,17,Yard (Main)
67732,46519,17,Yard (Main)
67720,46497,17,Yard (Main)
67719,46498,17,Yard (Main)
67732,46520,17,Yard (Main)
67732,46518,17,Yard (Main)
67720,46498,17,Yard (Main)
67719,46499,17,Yard (Main)
67732,46521,17,Yard (Main)
67732,46517,17,Yard (Main)
67731,46518,17,Yard (Main)
67719,46500,17,Yard (Main)
67732,46522,17,Yard (Main)
67720,46500,17,Yard (Main)
67733,46522,17,Yard (Main)
67720,46501,17,Yard (Main)
67733,46523,17,Yard (Main)
67721,46501,17,Yard (Main)
67733,46524,17,Yard (Main)
67721,46502,17,Yard (Main)
67732,46524,17,Yard (Main)
67722,46502,17,Yard (Main)
67731,46524,17,Yard (Main)
67722,46503,17,Yard (Main)
67731,46525,17,Yard (Main)
67723,46503,17,Yard (Main)
67730,46525,17,Yard (Main)
67723,46504,17,Yard (Main)
67729,46525,17,Yard (Main)
67724,46504,17,Yard (Main)
67729,46524,17,Yard (Main)
67728,46525,17,Yard (Main)
67725,46504,17,Yard (Main)
67724,46505,17,Yard (Main)
67728,46524,17,Yard (Main)
67727,46525,17,Yard (Main)
67726,46504,17,Yard (Main)
67725,46505,17,Yard (Main)
67727,46526,17,Yard (Main)
67727,46504,17,Yard (Main)
67727,46527,17,Yard (Main)
67728,46504,17,Yard (Main)
67727,46505,17,Yard (Main)
67726,46527,17,Yard (Main)
67729,46504,17,Yard (Main)
67727,46506,17,Yard (Main)
67726,46528,17,Yard (Main)
67725,46527,17,Yard (Main)
67729,46505,17,Yard (Main)
67728,46506,17,Yard (Main)
67727,46507,17,Yard (Main)
67725,46526,17,Yard (Main)
67724,46527,17,Yard (Main)
67729,46506,17,Yard (Main)
67727,46508,17,Yard (Main)
67724,46526,17,Yard (Main)
67727,46509,17,Yard (Main)
67726,46508,17,Yard (Main)
67724,46525,17,Yard (Main)
67727,46510,17,Yard (Main)
67726,46509,17,Yard (Main)
67724,46524,17,Yard (Main)
67723,46525,17,Yard (Main)
67726,46510,17,Yard (Main)
67724,46523,17,Yard (Main)
67723,46524,17,Yard (Main)
67725,46510,17,Yard (Main)
67724,46522,17,Yard (Main)
67723,46523,17,Yard (Main)
67724,46510,17,Yard (Main)
67723,46522,17,Yard (Main)
67724,46511,17,Yard (Main)
67723,46521,17,Yard (Main)
67724,46512,17,Yard (Main)
67723,46520,17,Yard (Main)
67723,46512,17,Yard (Main)
67723,46519,17,Yard (Main)
67723,46513,17,Yard (Main)
67722,46519,17,Yard (Main)
67722,46513,17,Yard (Main)
67722,46518,17,Yard (Main)
67722,46514,17,Yard (Main)
67721,46518,17,Yard (Main)
67721,46514,17,Yard (Main)
67720,46518,17,Yard (Main)
67721,46515,17,Yard (Main)
67720,46517,17,Yard (Main)
67720,46515,17,Yard (Main)
67720,46516,17,Yard (Main)
67719,46517,17,Yard (Main)
